NroC,Temperatura[K],Presion[MPa],Densidad[g/cm3],Densidad[kg/m3],PaperID
4,323,68.39,0.6295,629.5,P6
4,323,68.37,0.6295,629.5,P6
4,323,61.42,0.6244,624.4,P6
4,323,52.27,0.6162,616.2,P6
4,323,43.59,0.6077,607.7,P6
4,323,37.21,0.6014,601.4,P6
4,323,34.56,0.5984,598.4,P6
4,323,34.54,0.5984,598.4,P6
4,323,34.25,0.5974,597.4,P6
4,323,31.92,0.5951,595.1,P6
4,323,29.76,0.5927,592.7,P6
4,323,26.85,0.5888,588.8,P6
4,323,21.98,0.5819,581.9,P6
4,323,18.03,0.5759,575.9,P6
4,323,13.31,0.5674,567.4,P6
4,348,69.17,0.6145,614.5,P6
4,348,68.5,0.6143,614.3,P6
4,348,65.59,0.6111,611.1,P6
4,348,62.06,0.6078,607.8,P6
4,348,62.02,0.6074,607.4,P6
4,348,58.53,0.6039,603.9,P6
4,348,55.1,0.6005,600.5,P6
4,348,55.09,0.6005,600.5,P6
4,348,51.81,0.5971,597.1,P6
4,348,48.39,0.5933,593.3,P6
4,348,48.37,0.5933,593.3,P6
4,348,44.67,0.5891,589.1,P6
4,348,41.35,0.5852,585.2,P6
4,348,34.77,0.5767,576.7,P6
4,348,34.75,0.5767,576.7,P6
4,348,28.11,0.5674,567.4,P6
4,348,21.19,0.5564,556.4,P6
4,348,13.86,0.5419,541.9,P6
4,373,69.12,0.5972,597.2,P6
4,373,66.94,0.5949,594.9,P6
4,373,63.75,0.5917,591.7,P6
4,373,62.08,0.5898,589.8,P6
4,373,58.51,0.5864,586.4,P6
4,373,55.16,0.5825,582.5,P6
4,373,48.38,0.5743,574.3,P6
4,373,48.34,0.5743,574.3,P6
4,373,41.46,0.5658,565.8,P6
4,373,34.58,0.5557,555.7,P6
4,373,34.38,0.5557,555.7,P6
4,373,27.63,0.5443,544.3,P6
4,373,27.58,0.5443,544.3,P6
4,373,21.21,0.5321,532.1,P6
4,373,21.12,0.5321,532.1,P6
4,373,17.16,0.5228,522.8,P6
4,373,15.17,0.5178,517.8,P6
4,398,68.92,0.5781,578.1,P6
4,398,68.89,0.5786,578.6,P6
4,398,65.19,0.5744,574.4,P6
4,398,62.22,0.5718,571.8,P6
4,398,58.63,0.567,567,P6
4,398,48.14,0.5554,555.4,P6
4,398,45.54,0.549,549,P6
4,398,41.37,0.5456,545.6,P6
4,398,34.46,0.5339,533.9,P6
4,398,34.45,0.5339,533.9,P6
4,398,27.62,0.5222,522.2,P6
4,398,22.26,0.5096,509.6,P6
4,398,22.21,0.51,510,P6
4,398,18.39,0.4988,498.8,P6
4,398,17.54,0.4959,495.9,P6
4,413,69.01,0.5717,571.7,P6
4,413,69,0.5717,571.7,P6
4,413,62.33,0.5646,564.6,P6
4,413,55.15,0.5556,555.6,P6
4,413,55.13,0.5556,555.6,P6
4,413,48.43,0.5459,545.9,P6
4,413,41.55,0.535,535,P6
4,413,34.46,0.5229,522.9,P6
4,413,27.62,0.5094,509.4,P6
4,413,21.67,0.4938,493.8,P6
4,413,16.93,0.4781,478.1,P6
4,413,14.19,0.4675,467.5,P6
4,428,69.14,0.5624,562.4,P6
4,428,63.82,0.5564,556.4,P6
4,428,58.6,0.5492,549.2,P6
4,428,53.78,0.5436,543.6,P6
4,428,48.57,0.5356,535.6,P6
4,428,43.33,0.5275,527.5,P6
4,428,37.94,0.5192,519.2,P6
4,428,32.31,0.5081,508.1,P6
4,428,27.32,0.4951,495.1,P6
4,428,21.28,0.4783,478.3,P6
4,443,69.06,0.554,554,P6
4,443,68.96,0.554,554,P6
4,443,62.1,0.5465,546.5,P6
4,443,61.91,0.545,545,P6
4,443,55.05,0.5366,536.6,P6
4,443,48.26,0.5266,526.6,P6
4,443,48.23,0.5266,526.6,P6
4,443,41.27,0.5141,514.1,P6
4,443,34.64,0.5019,501.9,P6
4,443,27.71,0.4835,483.5,P6
4,443,27.7,0.4842,484.2,P6
4,443,20.82,0.4621,462.1,P6
4,443,20.77,0.4621,462.1,P6
5,293.211,8.003,0.63489,634.89,P7
5,293.211,2,0.62805,628.05,P7
5,293.213,30,0.65538,655.38,P7
5,293.213,6,0.63263,632.63,P7
5,293.214,13.008,0.64002,640.02,P7
5,293.214,3.998,0.63031,630.31,P7
5,293.217,28.002,0.65372,653.72,P7
5,293.217,10.008,0.63691,636.91,P7
5,293.218,22.01,0.64859,648.59,P7
5,293.219,25.002,0.65119,651.19,P7
5,293.219,19.009,0.64581,645.81,P7
5,293.22,16.007,0.643,643,P7
5,313.1,19.002,0.62928,629.28,P7
5,313.102,30.005,0.64009,640.09,P7
5,313.102,28.002,0.6382,638.2,P7
5,313.102,25.004,0.6354,635.4,P7
5,313.102,22.002,0.63238,632.38,P7
5,313.102,6.001,0.61399,613.99,P7
5,313.103,16.005,0.62603,626.03,P7
5,313.103,2.005,0.60849,608.49,P7
5,313.104,13.001,0.62265,622.65,P7
5,313.104,10.005,0.61909,619.09,P7
5,313.104,7.999,0.61658,616.58,P7
5,313.105,4.002,0.61131,611.31,P7
5,318,69.25,0.6649,664.9,P6
5,318,65.55,0.6623,662.3,P6
5,318,55.37,0.6544,654.4,P6
5,318,55.33,0.6544,654.4,P6
5,318,44.88,0.6459,645.9,P6
5,318,34.61,0.6366,636.6,P6
5,318,34.53,0.6366,636.6,P6
5,318,27.71,0.6292,629.2,P6
5,318,27.63,0.6294,629.4,P6
5,318,20.92,0.622,622,P6
5,318,14.28,0.6154,615.4,P6
5,318,7.51,0.6066,606.6,P6
5,318,7.5,0.6066,606.6,P6
5,323,69.76,0.662,662,P6
5,323,69.74,0.662,662,P6
5,323,63.05,0.6564,656.4,P6
5,323,62.3,0.6558,655.8,P6
5,323,55.33,0.6504,650.4,P6
5,323,55.31,0.6504,650.4,P6
5,323,44.94,0.6417,641.7,P6
5,323,44.9,0.6417,641.7,P6
5,323,34.5,0.6328,632.8,P6
5,323,27.68,0.6257,625.7,P6
5,323,20.78,0.6178,617.8,P6
5,323,15.46,0.6113,611.3,P6
5,323,10.22,0.6041,604.1,P6
5,323.15,20,0.62206,622.06,P25
5,323.15,19.99,0.62353,623.53,P25
5,323.15,10,0.61019,610.19,P25
5,323.15,9.98,0.61069,610.69,P25
5,325.85,275.5,0.75,750,P3
5,325.85,239.5,0.739,739,P3
5,325.85,206.2,0.727,727,P3
5,325.85,171,0.714,714,P3
5,325.85,137.8,0.7,700,P3
5,325.85,110.2,0.686,686,P3
5,325.85,84.1,0.672,672,P3
5,325.85,70.9,0.664,664,P3
5,325.85,55.3,0.653,653,P3
5,325.85,43.3,0.643,643,P3
5,325.85,28.9,0.63,630,P3
5,325.85,13.8,0.613,613,P3
5,325.85,7,0.603,603,P3
5,325.85,3.6,0.598,598,P3
5,325.85,1.8,0.595,595,P3
5,333.006,3.997,0.5914,591.4,P7
5,333.007,21.997,0.6161,616.1,P7
5,333.007,6.002,0.59459,594.59,P7
5,333.007,2.009,0.58787,587.87,P7
5,333.008,19,0.6125,612.5,P7
5,333.009,30.006,0.62471,624.71,P7
5,333.01,27.997,0.62268,622.68,P7
5,333.01,25,0.61939,619.39,P7
5,333.01,8.008,0.59769,597.69,P7
5,333.011,15.996,0.60878,608.78,P7
5,333.011,12.998,0.60482,604.82,P7
5,333.012,10.001,0.60061,600.61,P7
5,348,70.26,0.6445,644.5,P6
5,348,69.88,0.6451,645.1,P6
5,348,69.45,0.644,644,P6
5,348,63.17,0.6395,639.5,P6
5,348,62.94,0.6387,638.7,P6
5,348,55.49,0.6327,632.7,P6
5,348,55.18,0.632,632,P6
5,348,45.81,0.6232,623.2,P6
5,348,45.1,0.6229,622.9,P6
5,348,36.48,0.6135,613.5,P6
5,348,34.95,0.6121,612.1,P6
5,348,28.47,0.6041,604.1,P6
5,348,28.38,0.6041,604.1,P6
5,348,27.83,0.6038,603.8,P6
5,348,21.01,0.5944,594.4,P6
5,348,20.87,0.5944,594.4,P6
5,348,20.83,0.5945,594.5,P6
5,348,20.81,0.5944,594.4,P6
5,348,20.79,0.5946,594.6,P6
5,348,16.56,0.5885,588.5,P6
5,348,16.54,0.5885,588.5,P6
5,348,15.91,0.5875,587.5,P6
5,348,15.68,0.5868,586.8,P6
5,348,15.56,0.587,587,P6
5,348,12.83,0.5831,583.1,P6
5,348,12.81,0.5831,583.1,P6
5,348,10.88,0.5797,579.7,P6
5,348,10.64,0.5795,579.5,P6
5,348,10.56,0.5795,579.5,P6
5,348,10.51,0.5795,579.5,P6
5,353.12,3.997,0.57001,570.01,P7
5,353.121,2.006,0.56577,565.77,P7
5,353.122,30.001,0.6091,609.1,P7
5,353.122,18.997,0.59521,595.21,P7
5,353.122,8.003,0.57779,577.79,P7
5,353.122,6.002,0.57402,574.02,P7
5,353.123,16.001,0.5909,590.9,P7
5,353.123,10.008,0.58128,581.28,P7
5,353.124,28.005,0.60677,606.77,P7
5,353.124,13,0.58631,586.31,P7
5,353.125,25.002,0.6031,603.1,P7
5,353.126,22,0.59929,599.29,P7
5,373,69.98,0.628,628,P6
5,373,63.32,0.6222,622.2,P6
5,373,63.28,0.6222,622.2,P6
5,373,55.2,0.6146,614.6,P6
5,373,46.39,0.6063,606.3,P6
5,373,45.63,0.6055,605.5,P6
5,373,38.09,0.5973,597.3,P6
5,373,36.48,0.5953,595.3,P6
5,373,36.43,0.5953,595.3,P6
5,373,28.25,0.5838,583.8,P6
5,373,28.24,0.5836,583.6,P6
5,373,20.87,0.5727,572.7,P6
5,373,20.85,0.573,573,P6
5,373,15.84,0.5645,564.5,P6
5,373,12.26,0.5574,557.4,P6
5,398,69.9,0.6119,611.9,P6
5,398,69.88,0.6119,611.9,P6
5,398,69.14,0.6105,610.5,P6
5,398,69.03,0.6112,611.2,P6
5,398,65.41,0.6078,607.8,P6
5,398,65.37,0.6078,607.8,P6
5,398,63.13,0.6057,605.7,P6
5,398,62.59,0.604,604,P6
5,398,61.57,0.6039,603.9,P6
5,398,58.36,0.601,601,P6
5,398,55.94,0.5984,598.4,P6
5,398,55.93,0.5984,598.4,P6
5,398,55.44,0.5966,596.6,P6
5,398,55.25,0.5963,596.3,P6
5,398,54.91,0.5969,596.9,P6
5,398,54.84,0.5972,597.2,P6
5,398,51.79,0.5936,593.6,P6
5,398,51.77,0.5942,594.2,P6
5,398,48.74,0.5908,590.8,P6
5,398,48.71,0.5908,590.8,P6
5,398,48.48,0.5904,590.4,P6
5,398,45.24,0.5857,585.7,P6
5,398,45.08,0.5886,588.6,P6
5,398,42.01,0.5826,582.6,P6
5,398,41.98,0.5826,582.6,P6
5,398,39.65,0.5819,581.9,P6
5,398,39.03,0.5773,577.3,P6
5,398,38.01,0.5776,577.6,P6
5,398,34.86,0.5754,575.4,P6
5,398,34.62,0.5731,573.1,P6
5,398,29.97,0.5626,562.6,P6
5,398,27.91,0.5641,564.1,P6
5,398,24.47,0.5595,559.5,P6
5,398,21.06,0.5506,550.6,P6
5,398,21.05,0.5506,550.6,P6
5,398,21.04,0.5534,553.4,P6
5,398,17.08,0.5447,544.7,P6
5,398,14.42,0.5367,536.7,P6
5,398,10.85,0.5274,527.4,P6
5,413,68.59,0.6023,602.3,P6
5,413,68.58,0.5954,595.4,P6
5,413,61.86,0.5954,595.4,P6
5,413,54.54,0.5878,587.8,P6
5,413,44.86,0.5767,576.7,P6
5,413,35.9,0.5637,563.7,P6
5,413,27.66,0.5506,550.6,P6
5,413,20.5,0.5356,535.6,P6
5,413,14.14,0.5204,520.4,P6
5,413,11.12,0.5125,512.5,P6
5,423.05,276.6,0.712,712,P3
5,423.05,241,0.702,702,P3
5,423.05,209.4,0.692,692,P3
5,423.05,171.9,0.676,676,P3
5,423.05,137,0.658,658,P3
5,423.05,112.8,0.645,645,P3
5,423.05,85.5,0.621,621,P3
5,423.05,56.8,0.592,592,P3
5,423.05,43.7,0.57,570,P3
5,423.05,28.6,0.553,553,P3
5,428,68.44,0.5936,593.6,P6
5,428,61.11,0.5864,586.4,P6
5,428,54.11,0.5782,578.2,P6
5,428,44.83,0.5664,566.4,P6
5,428,35.77,0.5535,553.5,P6
5,428,27.6,0.5387,538.7,P6
5,428,20.66,0.5236,523.6,P6
5,428,14.24,0.5065,506.5,P6
5,443,69.02,0.5927,592.7,P6
5,443,62.07,0.5848,584.8,P6
5,443,54.79,0.5757,575.7,P6
5,443,44.91,0.5625,562.5,P6
5,443,36.02,0.5487,548.7,P6
5,443,27.77,0.5325,532.5,P6
5,443,20.74,0.5142,514.2,P6
5,443,16.94,0.5046,504.6,P6
5,443,12.69,0.4893,489.3,P6
5,443,11.65,0.4858,485.8,P6
5,520.45,273.5,0.665,665,P3
5,520.45,241.1,0.652,652,P3
5,520.45,209.6,0.639,639,P3
5,520.45,174.7,0.622,622,P3
5,520.45,141.2,0.603,603,P3
5,520.45,112.7,0.584,584,P3
5,520.45,87.1,0.562,562,P3
5,520.45,54.9,0.526,526,P3
5,520.45,43.1,0.507,507,P3
5,520.45,28.5,0.472,472,P3
6,278.15,60,0.715,715,P1
6,278.15,50,0.7092,709.2,P1
6,278.15,40,0.7032,703.2,P1
6,278.15,30,0.6968,696.8,P1
6,278.15,20,0.6896,689.6,P1
6,278.15,10,0.6818,681.8,P1
6,278.15,5,0.6776,677.6,P1
6,278.15,1,0.6739,673.9,P1
6,278.15,0.1,0.6733,673.3,P1
6,291.27,49.98,0.70045,700.45,P5
6,291.27,44.98,0.69732,697.32,P5
6,291.27,39.99,0.69404,694.04,P5
6,291.27,37.49,0.69228,692.28,P5
6,291.27,34.99,0.69053,690.53,P5
6,291.27,32.48,0.68867,688.67,P5
6,291.27,29.99,0.68686,686.86,P5
6,291.27,27.49,0.68511,685.11,P5
6,291.27,24.99,0.68325,683.25,P5
6,291.27,22.49,0.68123,681.23,P5
6,291.27,19.99,0.67919,679.19,P5
6,291.27,17.5,0.67719,677.19,P5
6,291.27,15.01,0.67514,675.14,P5
6,291.27,12.51,0.67294,672.94,P5
6,291.27,10.01,0.67063,670.63,P5
6,291.27,7.52,0.66839,668.39,P5
6,291.27,5.01,0.66594,665.94,P5
6,291.27,3.02,0.66399,663.99,P5
6,291.27,2.01,0.66285,662.85,P5
6,293.15,0.101325,0.6594,659.4,P2
6,296.15,49.98,0.69712,697.12,P5
6,296.15,44.98,0.69388,693.88,P5
6,296.15,39.98,0.6905,690.5,P5
6,296.15,37.48,0.68876,688.76,P5
6,296.15,34.99,0.68697,686.97,P5
6,296.15,32.49,0.68517,685.17,P5
6,296.15,29.99,0.68329,683.29,P5
6,296.15,27.49,0.68156,681.56,P5
6,296.15,24.99,0.67958,679.58,P5
6,296.15,22.49,0.67753,677.53,P5
6,296.15,19.99,0.67538,675.38,P5
6,296.15,17.5,0.67337,673.37,P5
6,296.15,15,0.6711,671.1,P5
6,296.15,12.5,0.66882,668.82,P5
6,296.15,10.01,0.66655,666.55,P5
6,296.15,7.51,0.6641,664.1,P5
6,296.15,5,0.66163,661.63,P5
6,296.15,3.01,0.65959,659.59,P5
6,296.15,2,0.65855,658.55,P5
6,298.15,60,0.7017,701.7,P1
6,298.15,50,0.6955,695.5,P1
6,298.15,40,0.689,689,P1
6,298.15,30,0.6819,681.9,P1
6,298.15,20,0.6739,673.9,P1
6,298.15,10,0.66501,665.01,P25
6,298.15,10,0.6651,665.1,P1
6,298.15,5,0.6601,660.1,P1
6,298.15,1,0.6559,655.9,P1
6,298.15,0.1,0.65516,655.16,P25
6,298.15,0.1,0.6561,656.1,P1
6,301.03,49.98,0.69381,693.81,P5
6,301.03,44.98,0.69055,690.55,P5
6,301.03,39.98,0.68713,687.13,P5
6,301.03,37.48,0.68531,685.31,P5
6,301.03,34.99,0.68353,683.53,P5
6,301.03,32.49,0.68162,681.62,P5
6,301.03,29.99,0.67966,679.66,P5
6,301.03,27.49,0.67776,677.76,P5
6,301.03,24.99,0.67576,675.76,P5
6,301.03,22.49,0.67368,673.68,P5
6,301.03,19.99,0.67156,671.56,P5
6,301.03,17.49,0.66942,669.42,P5
6,301.03,15,0.66716,667.16,P5
6,301.03,12.5,0.66484,664.84,P5
6,301.03,10,0.66252,662.52,P5
6,301.03,7.5,0.65995,659.95,P5
6,301.03,5,0.65737,657.37,P5
6,301.03,3,0.65519,655.19,P5
6,301.03,2,0.65413,654.13,P5
6,310.79,49.98,0.68782,687.82,P5
6,310.79,44.99,0.68437,684.37,P5
6,310.79,39.99,0.68079,680.79,P5
6,310.79,37.49,0.67889,678.89,P5
6,310.79,34.99,0.67698,676.98,P5
6,310.79,32.49,0.67501,675.01,P5
6,310.79,29.99,0.67291,672.91,P5
6,310.79,27.49,0.67097,670.97,P5
6,310.79,24.99,0.66887,668.87,P5
6,310.79,22.49,0.66672,666.72,P5
6,310.79,19.99,0.66449,664.49,P5
6,310.79,17.5,0.66209,662.09,P5
6,310.79,15,0.6598,659.8,P5
6,310.79,12.51,0.65724,657.24,P5
6,310.79,10.01,0.65469,654.69,P5
6,310.79,7.51,0.65192,651.92,P5
6,310.79,5.01,0.64929,649.29,P5
6,310.79,3.01,0.64696,646.96,P5
6,310.79,2.01,0.64576,645.76,P5
6,313,54.99,0.6933,693.3,P6
6,313,44.63,0.6852,685.2,P6
6,313,34.29,0.6768,676.8,P6
6,313,23.95,0.6674,667.4,P6
6,313,23.91,0.6674,667.4,P6
6,313,14.32,0.6577,657.7,P6
6,313,14.31,0.6577,657.7,P6
6,313,5.88,0.6486,648.6,P6
6,313,5.86,0.6486,648.6,P6
6,313,0.21,0.6416,641.6,P6
6,323,63.92,0.6926,692.6,P6
6,323,55,0.686,686,P6
6,323,54.99,0.686,686,P6
6,323,44.66,0.6779,677.9,P6
6,323,44.64,0.6779,677.9,P6
6,323,34.44,0.6688,668.8,P6
6,323,34.39,0.6688,668.8,P6
6,323,24.01,0.6588,658.8,P6
6,323,23.99,0.6588,658.8,P6
6,323,15.13,0.649,649,P6
6,323,6.83,0.6415,641.5,P6
6,323,6.7,0.6415,641.5,P6
6,323.15,60,0.6861,686.1,P1
6,323.15,50,0.6793,679.3,P1
6,323.15,40,0.6719,671.9,P1
6,323.15,30,0.6639,663.9,P1
6,323.15,20,0.6547,654.7,P1
6,323.15,10,0.6442,644.2,P1
6,323.15,5,0.6382,638.2,P1
6,323.15,1,0.6331,633.1,P1
6,323.15,0.1,0.63163,631.63,P25
6,323.15,0.1,0.6317,631.7,P1
6,330.37,50.01,0.67453,674.53,P5
6,330.37,45.01,0.67077,670.77,P5
6,330.37,37.51,0.66476,664.76,P5
6,330.37,35.01,0.66262,662.62,P5
6,330.37,32.5,0.6605,660.5,P5
6,330.37,27.51,0.65551,655.51,P5
6,330.37,25.01,0.65362,653.62,P5
6,330.37,22.51,0.65118,651.18,P5
6,330.37,20.01,0.64864,648.64,P5
6,330.37,17.51,0.64603,646.03,P5
6,330.37,15.01,0.6433,643.3,P5
6,330.37,10.02,0.63762,637.62,P5
6,330.37,7.52,0.63448,634.48,P5
6,330.37,5.01,0.63129,631.29,P5
6,330.37,3.01,0.62866,628.66,P5
6,330.37,2.01,0.62724,627.24,P5
6,330.38,40.01,0.66682,666.82,P5
6,330.38,30.01,0.65826,658.26,P5
6,330.38,12.52,0.64052,640.52,P5
6,348,55.43,0.6671,667.1,P6
6,348,55.34,0.6671,667.1,P6
6,348,44.82,0.6578,657.8,P6
6,348,34.29,0.6476,647.6,P6
6,348,34.21,0.6476,647.6,P6
6,348,24.19,0.6362,636.2,P6
6,348,16.05,0.6258,625.8,P6
6,348,16.02,0.6258,625.8,P6
6,348,7.29,0.6188,618.8,P6
6,348,7.26,0.6188,618.8,P6
6,348.15,60,0.6702,670.2,P1
6,348.15,50,0.6626,662.6,P1
6,348.15,40,0.6544,654.4,P1
6,348.15,30,0.6452,645.2,P1
6,348.15,20,0.6346,634.6,P1
6,348.15,10,0.6221,622.1,P1
6,348.15,5,0.6149,614.9,P1
6,348.15,1,0.6085,608.5,P1
6,348.15,0.1,0.60657,606.57,P25
6,349.95,45.03,0.65791,657.91,P5
6,349.95,35.02,0.64885,648.85,P5
6,349.95,32.52,0.64646,646.46,P5
6,349.95,17.52,0.63018,630.18,P5
6,349.95,15.02,0.62711,627.11,P5
6,349.95,5.02,0.61347,613.47,P5
6,349.95,3.01,0.61021,610.21,P5
6,349.96,50.02,0.66195,661.95,P5
6,349.96,40.02,0.65357,653.57,P5
6,349.96,37.52,0.65125,651.25,P5
6,349.96,30.01,0.64394,643.94,P5
6,349.96,27.52,0.64155,641.55,P5
6,349.96,25.02,0.63872,638.72,P5
6,349.96,22.51,0.63597,635.97,P5
6,349.96,20.01,0.63312,633.12,P5
6,349.96,12.51,0.62394,623.94,P5
6,349.96,10.01,0.6206,620.6,P5
6,349.96,7.52,0.61713,617.13,P5
6,349.96,2.01,0.6085,608.5,P5
6,373,65.85,0.6593,659.3,P6
6,373,55.49,0.651,651,P6
6,373,55.44,0.651,651,P6
6,373,44.84,0.6434,643.4,P6
6,373,34.93,0.6308,630.8,P6
6,373,34.89,0.6306,630.6,P6
6,373,25.51,0.6198,619.8,P6
6,373,25.44,0.6202,620.2,P6
6,373,15.65,0.6053,605.3,P6
6,373,15.52,0.6064,606.4,P6
6,373,7.43,0.5943,594.3,P6
6,373,7.26,0.5936,593.6,P6
6,373.15,60,0.6549,654.9,P1
6,373.15,50,0.6466,646.6,P1
6,373.15,40,0.6374,637.4,P1
6,373.15,30,0.627,627,P1
6,373.15,20,0.6148,614.8,P1
6,373.15,10,0.6,600,P1
6,373.15,5,0.591,591,P1
6,373.15,1,0.5826,582.6,P1
6,398,65.34,0.6475,647.5,P6
6,398,54.96,0.6387,638.7,P6
6,398,44.54,0.6282,628.2,P6
6,398,34.24,0.616,616,P6
6,398,24.73,0.6031,603.1,P6
6,398,15.08,0.588,588,P6
6,398,7.74,0.5742,574.2,P6
6,423,63.25,0.627,627,P6
6,423,55.73,0.6196,619.6,P6
6,423,55.64,0.6199,619.9,P6
6,423,44.65,0.6067,606.7,P6
6,423,44.63,0.6068,606.8,P6
6,423,44.61,0.6071,607.1,P6
6,423,34.21,0.5926,592.6,P6
6,423,24.03,0.5781,578.1,P6
6,423,24.01,0.557,557,P6
6,423,16.93,0.5645,564.5,P6
6,423,10.79,0.5534,553.4,P6
6,423.15,60,0.6248,624.8,P1
6,423.15,50,0.6146,614.6,P1
6,423.15,40,0.6032,603.2,P1
6,423.15,30,0.5897,589.7,P1
6,423.15,20,0.5732,573.2,P1
6,423.15,10,0.5515,551.5,P1
6,423.15,5,0.5369,536.9,P1
6,423.15,1,0.5212,521.2,P1
6,448,52.49,0.5994,599.4,P6
6,448,52.3,0.6002,600.2,P6
6,448,41.16,0.5848,584.8,P6
6,448,41.1,0.5848,584.8,P6
6,448,34.3,0.5736,573.6,P6
6,448,34.26,0.5745,574.5,P6
6,448,27.48,0.5622,562.2,P6
6,448,27.44,0.5627,562.7,P6
6,448,20.58,0.5486,548.6,P6
6,448,13.16,0.5341,534.1,P6
6,463.15,60,0.6007,600.7,P1
6,463.15,50,0.5893,589.3,P1
6,463.15,40,0.5759,575.9,P1
6,463.15,30,0.5598,559.8,P1
6,463.15,20,0.5389,538.9,P1
6,463.15,10,0.5085,508.5,P1
6,463.15,5,0.4842,484.2,P1
7,293.08,50,0.72102,721.02,P5
7,293.08,45.02,0.71802,718.02,P5
7,293.08,40.01,0.71487,714.87,P5
7,293.08,37.51,0.7133,713.3,P5
7,293.08,35.02,0.71162,711.62,P5
7,293.08,32.51,0.71002,710.02,P5
7,293.08,30.02,0.70827,708.27,P5
7,293.08,27.52,0.70652,706.52,P5
7,293.08,25.01,0.70472,704.72,P5
7,293.08,22.5,0.70282,702.82,P5
7,293.08,20.01,0.70102,701.02,P5
7,293.08,17.49,0.69907,699.07,P5
7,293.08,15.01,0.69712,697.12,P5
7,293.08,12.51,0.69512,695.12,P5
7,293.08,10.01,0.69302,693.02,P5
7,293.08,7.51,0.69082,690.82,P5
7,293.08,5.02,0.68862,688.62,P5
7,293.08,3.01,0.68682,686.82,P5
7,293.08,2.01,0.68586,685.86,P5
7,293.15,0.101325,0.6838,683.8,P2
7,298.05,50.01,0.71771,717.71,P5
7,298.05,44.99,0.71461,714.61,P5
7,298.05,40,0.71142,711.42,P5
7,298.05,37.5,0.70972,709.72,P5
7,298.05,35.01,0.7081,708.1,P5
7,298.05,32.5,0.70632,706.32,P5
7,298.05,30,0.70462,704.62,P5
7,298.05,27.49,0.70282,702.82,P5
7,298.05,24.99,0.70093,700.93,P5
7,298.05,22.5,0.69911,699.11,P5
7,298.05,19.99,0.69713,697.13,P5
7,298.05,17.5,0.69518,695.18,P5
7,298.05,15,0.69313,693.13,P5
7,298.05,12.5,0.69103,691.03,P5
7,298.05,10.01,0.68894,688.94,P5
7,298.05,7.5,0.68674,686.74,P5
7,298.05,4.99,0.68444,684.44,P5
7,298.06,3,0.68254,682.54,P5
7,298.06,2,0.68164,681.64,P5
7,298.15,98.06,0.74152,741.52,P8
7,298.15,49.03,0.71861,718.61,P8
7,298.15,24.51,0.70285,702.85,P8
7,298.15,0.1,0.67968,679.68,P25
7,298.15,0.098,0.67999,679.99,P8
7,302.03,49.98,0.71533,715.33,P5
7,302.03,44.98,0.71225,712.25,P5
7,302.03,39.98,0.70895,708.95,P5
7,302.03,37.48,0.70726,707.26,P5
7,302.03,34.99,0.70556,705.56,P5
7,302.03,32.49,0.70376,703.76,P5
7,302.03,29.99,0.70196,701.96,P5
7,302.03,27.49,0.70017,700.17,P5
7,302.03,24.99,0.69837,698.37,P5
7,302.03,22.49,0.69637,696.37,P5
7,302.03,19.99,0.69438,694.38,P5
7,302.03,17.49,0.69238,692.38,P5
7,302.03,15,0.69008,690.08,P5
7,302.03,12.5,0.68829,688.29,P5
7,302.03,10,0.68609,686.09,P5
7,302.03,7.5,0.68379,683.79,P5
7,302.03,5,0.6814,681.4,P5
7,302.03,3,0.6795,679.5,P5
7,302.03,2,0.6785,678.5,P5
7,303.15,100.3,0.7422,742.2,P9
7,303.15,98.06,0.73905,739.05,P8
7,303.15,90.4,0.7379,737.9,P9
7,303.15,80.2,0.7319,731.9,P9
7,303.15,70.4,0.7277,727.7,P9
7,303.15,60.35,0.7217,721.7,P9
7,303.15,50.4,0.7149,714.9,P9
7,303.15,49.03,0.71379,713.79,P8
7,303.15,40.25,0.7084,708.4,P9
7,303.15,30.1,0.7018,701.8,P9
7,303.15,24.51,0.69711,697.11,P8
7,303.15,20.4,0.6934,693.4,P9
7,303.15,10.1,0.6845,684.5,P9
7,303.15,0.1,0.6754,675.4,P9
7,303.15,0.098,0.67498,674.98,P8
7,312.99,50.01,0.70822,708.22,P5
7,312.99,45.01,0.70503,705.03,P5
7,312.99,40.01,0.70153,701.53,P5
7,312.99,37.51,0.69983,699.83,P5
7,312.99,35.01,0.69793,697.93,P5
7,312.99,32.51,0.69613,696.13,P5
7,312.99,30.01,0.69424,694.24,P5
7,312.99,27.51,0.69234,692.34,P5
7,312.99,25.01,0.69024,690.24,P5
7,312.99,22.51,0.68834,688.34,P5
7,312.99,20,0.68624,686.24,P5
7,312.99,17.5,0.68404,684.04,P5
7,312.99,15.01,0.68184,681.84,P5
7,312.99,12.51,0.67959,679.59,P5
7,312.99,10.01,0.67724,677.24,P5
7,312.99,7.51,0.67485,674.85,P5
7,312.99,5,0.67235,672.35,P5
7,312.99,3,0.67024,670.24,P5
7,312.99,2.01,0.6692,669.2,P5
7,323.11,49.03,0.70118,701.18,P8
7,323.13,24.51,0.68094,680.94,P8
7,323.15,100.3,0.732,732,P9
7,323.15,90.4,0.7258,725.8,P9
7,323.15,80.2,0.7222,722.2,P9
7,323.15,70.4,0.7161,716.1,P9
7,323.15,60.35,0.7083,708.3,P9
7,323.15,50.4,0.7023,702.3,P9
7,323.15,40.25,0.6963,696.3,P9
7,323.15,40,0.69431,694.31,P25
7,323.15,30.1,0.6878,687.8,P9
7,323.15,20.4,0.6802,680.2,P9
7,323.15,20,0.67779,677.79,P25
7,323.15,10.1,0.6691,669.1,P9
7,323.15,0.1,0.6578,657.8,P25
7,323.15,0.1,0.6589,658.9,P9
7,323.2,98.06,0.73108,731.08,P8
7,323.25,0.098,0.65916,659.16,P8
7,332.94,50,0.69533,695.33,P5
7,332.94,45,0.69183,691.83,P5
7,332.94,40,0.68812,688.12,P5
7,332.94,37.5,0.68622,686.22,P5
7,332.94,35,0.68422,684.22,P5
7,332.94,32.5,0.6823,682.3,P5
7,332.94,30,0.68013,680.13,P5
7,332.94,27.5,0.67801,678.01,P5
7,332.94,25,0.67581,675.81,P5
7,332.94,22.5,0.67351,673.51,P5
7,332.94,20.01,0.67126,671.26,P5
7,332.94,17.5,0.6688,668.8,P5
7,332.94,15,0.6664,666.4,P5
7,332.94,12.51,0.6638,663.8,P5
7,332.94,10,0.66113,661.13,P5
7,332.94,7.5,0.6584,658.4,P5
7,332.94,5,0.65549,655.49,P5
7,332.94,2.99,0.65309,653.09,P5
7,332.94,1.99,0.65189,651.89,P5
7,352.89,50.02,0.683,683,P5
7,352.89,45.02,0.6791,679.1,P5
7,352.89,40,0.67505,675.05,P5
7,352.89,37.5,0.673,673,P5
7,352.89,35,0.6708,670.8,P5
7,352.89,32.51,0.6686,668.6,P5
7,352.89,30,0.6663,666.3,P5
7,352.89,27.5,0.664,664,P5
7,352.89,25,0.66159,661.59,P5
7,352.89,22.5,0.65901,659.01,P5
7,352.89,20.01,0.65649,656.49,P5
7,352.89,17.52,0.65379,653.79,P5
7,352.89,15.02,0.65099,650.99,P5
7,352.89,12.52,0.64809,648.09,P5
7,352.89,10,0.64509,645.09,P5
7,352.89,7.5,0.64194,641.94,P5
7,352.89,5.01,0.63859,638.59,P5
7,352.89,3.01,0.63579,635.79,P5
7,352.89,2,0.63439,634.39,P5
7,362.83,98.06,0.7095,709.5,P8
7,362.85,49.03,0.6759,675.9,P8
7,362.92,0.098,0.62263,622.63,P8
7,363.07,24.51,0.65431,654.31,P8
7,392.04,98.06,0.69622,696.22,P8
7,393.01,24.51,0.63469,634.69,P8
7,393.14,49.03,0.65793,657.93,P8
7,422.24,98.06,0.67962,679.62,P8
7,422.58,24.51,0.61128,611.28,P8
7,422.6,49.03,0.63889,638.89,P8
7,453.16,98.06,0.66638,666.38,P8
7,453.24,49.03,0.62156,621.56,P8
7,453.4,24.51,0.58905,589.05,P8
7,470.1,49.03,0.61178,611.78,P8
7,470.19,98.06,0.6587,658.7,P8
7,470.19,24.51,0.57455,574.55,P8
8,292.99,12.51,0.71294,712.94,P5
8,292.99,3,0.70533,705.33,P5
8,293,25,0.72192,721.92,P5
8,293,22.5,0.72022,720.22,P5
8,293,20,0.71842,718.42,P5
8,293,17.49,0.71664,716.64,P5
8,293,15.01,0.71482,714.82,P5
8,293,10.01,0.71102,711.02,P5
8,293,7.51,0.70903,709.03,P5
8,293,5.02,0.70703,707.03,P5
8,293,2,0.70453,704.53,P5
8,293.01,30.01,0.72522,725.22,P5
8,293.01,27.51,0.72362,723.62,P5
8,293.02,50.02,0.7373,737.3,P5
8,293.02,45.01,0.73442,734.42,P5
8,293.02,40.01,0.73152,731.52,P5
8,293.02,37.5,0.72992,729.92,P5
8,293.02,35.01,0.72842,728.42,P5
8,293.02,32.5,0.72682,726.82,P5
8,293.15,0.101325,0.7025,702.5,P2
8,293.21,8.004,0.70925,709.25,P7
8,293.213,13.01,0.71321,713.21,P7
8,293.214,30.002,0.72554,725.54,P7
8,293.214,1.996,0.70376,703.76,P7
8,293.216,10.009,0.71088,710.88,P7
8,293.216,6.001,0.70757,707.57,P7
8,293.217,3.994,0.70571,705.71,P7
8,293.218,28.004,0.72419,724.19,P7
8,293.219,22.012,0.71976,719.76,P7
8,293.219,16.009,0.71543,715.43,P7
8,293.22,25.004,0.72188,721.88,P7
8,293.22,19.011,0.71757,717.57,P7
8,298.06,50.01,0.73421,734.21,P5
8,298.06,45,0.73127,731.27,P5
8,298.06,40,0.72827,728.27,P5
8,298.06,37.5,0.72668,726.68,P5
8,298.06,35,0.7251,725.1,P5
8,298.06,32.5,0.72347,723.47,P5
8,298.06,30,0.72185,721.85,P5
8,298.06,27.5,0.72022,720.22,P5
8,298.06,25,0.71847,718.47,P5
8,298.06,22.51,0.71667,716.67,P5
8,298.06,20,0.71487,714.87,P5
8,298.06,17.5,0.71307,713.07,P5
8,298.06,15.01,0.71124,711.24,P5
8,298.06,12.51,0.70925,709.25,P5
8,298.06,10.01,0.70727,707.27,P5
8,298.06,7.5,0.70524,705.24,P5
8,298.06,5,0.70309,703.09,P5
8,298.06,3,0.70137,701.37,P5
8,298.06,2,0.70055,700.55,P5
8,298.15,197.2,0.7942,794.2,P11
8,298.15,179.6,0.7887,788.7,P11
8,298.15,159.5,0.782,782,P11
8,298.15,139.9,0.7749,774.9,P11
8,298.15,139.7,0.7748,774.8,P11
8,298.15,120.1,0.7673,767.3,P11
8,298.15,100.3,0.7591,759.1,P11
8,298.15,80.1,0.7498,749.8,P11
8,298.15,80,0.7496,749.6,P11
8,298.15,60.9,0.74,740,P11
8,298.15,40.6,0.7283,728.3,P11
8,298.15,20.9,0.7152,715.2,P11
8,298.15,0.1,0.6986,698.6,P11
8,303.02,50.01,0.73082,730.82,P5
8,303.02,45.01,0.72785,727.85,P5
8,303.02,40,0.72476,724.76,P5
8,303.02,37.51,0.72313,723.13,P5
8,303.02,35.01,0.72156,721.56,P5
8,303.02,32.51,0.7199,719.9,P5
8,303.02,30,0.71821,718.21,P5
8,303.02,27.5,0.71651,716.51,P5
8,303.02,25,0.71473,714.73,P5
8,303.02,22.5,0.71298,712.98,P5
8,303.02,20,0.7111,711.1,P5
8,303.02,17.5,0.7092,709.2,P5
8,303.02,15,0.7073,707.3,P5
8,303.02,12.5,0.70529,705.29,P5
8,303.02,10,0.70322,703.22,P5
8,303.02,7.51,0.70113,701.13,P5
8,303.02,5.01,0.69897,698.97,P5
8,303.02,3.01,0.69718,697.18,P5
8,303.02,2.01,0.69628,696.28,P5
8,312.99,20,0.70429,704.29,P5
8,312.99,17.5,0.70226,702.26,P5
8,312.99,15,0.70027,700.27,P5
8,312.99,12.51,0.69812,698.12,P5
8,312.99,10.01,0.69599,695.99,P5
8,312.99,7.51,0.69372,693.72,P5
8,312.99,5.01,0.69143,691.43,P5
8,312.99,2.99,0.68951,689.51,P5
8,312.99,2.01,0.68854,688.54,P5
8,313,50.01,0.72491,724.91,P5
8,313,45,0.72179,721.79,P5
8,313,40.01,0.71858,718.58,P5
8,313,37.5,0.71693,716.93,P5
8,313,35.01,0.71528,715.28,P5
8,313,32.5,0.71351,713.51,P5
8,313,30.01,0.71174,711.74,P5
8,313,27.5,0.70995,709.95,P5
8,313,25,0.70819,708.19,P5
8,313,22.5,0.70627,706.27,P5
8,313.102,19.006,0.7035,703.5,P7
8,313.103,30.001,0.71215,712.15,P7
8,313.103,27.998,0.71067,710.67,P7
8,313.103,25,0.70839,708.39,P7
8,313.103,21.998,0.70605,706.05,P7
8,313.104,5.999,0.69207,692.07,P7
8,313.105,16.009,0.70084,700.84,P7
8,313.106,13.005,0.69826,698.26,P7
8,313.106,10.009,0.69559,695.59,P7
8,313.106,7.997,0.69385,693.85,P7
8,313.107,2.007,0.68827,688.27,P7
8,313.109,4,0.69026,690.26,P7
8,318.15,10,0.69122,691.22,P12
8,318.15,7.5,0.68905,689.05,P12
8,318.15,5,0.68677,686.77,P12
8,318.15,3,0.68489,684.89,P12
8,318.15,1,0.68289,682.89,P12
8,318.15,0.1,0.68189,681.89,P12
8,321.85,274.4,0.802,802,P3
8,321.85,241,0.792,792,P3
8,321.85,207.6,0.783,783,P3
8,321.85,172.5,0.771,771,P3
8,321.85,139.9,0.76,760,P3
8,321.85,111.3,0.748,748,P3
8,321.85,84,0.735,735,P3
8,321.85,56.3,0.721,721,P3
8,321.85,28.5,0.702,702,P3
8,321.85,14.3,0.688,688,P3
8,323,64.65,0.7253,725.3,P6
8,323,55.57,0.7193,719.3,P6
8,323,44.99,0.7119,711.9,P6
8,323,34.52,0.704,704,P6
8,323,24.4,0.6955,695.5,P6
8,323,12.86,0.6847,684.7,P6
8,323.15,201.8,0.7848,784.8,P11
8,323.15,180.7,0.7777,777.7,P11
8,323.15,160.3,0.7705,770.5,P11
8,323.15,141.6,0.7632,763.2,P11
8,323.15,141.5,0.7634,763.4,P11
8,323.15,120.3,0.7547,754.7,P11
8,323.15,101,0.7461,746.1,P11
8,323.15,80.1,0.7356,735.6,P11
8,323.15,80.1,0.7358,735.8,P11
8,323.15,60.6,0.725,725,P11
8,323.15,40,0.712,712,P11
8,323.15,20.1,0.697,697,P11
8,323.15,10,0.68751,687.51,P12
8,323.15,7.5,0.68526,685.26,P12
8,323.15,5,0.68301,683.01,P12
8,323.15,3,0.68091,680.91,P12
8,323.15,1,0.67877,678.77,P12
8,323.15,0.1,0.67778,677.78,P12
8,323.15,0.1,0.6782,678.2,P11
8,328.15,10,0.68393,683.93,P12
8,328.15,7.5,0.68178,681.78,P12
8,328.15,5,0.67936,679.36,P12
8,328.15,3,0.67698,676.98,P12
8,328.15,1,0.67523,675.23,P12
8,328.15,0.1,0.67416,674.16,P12
8,332.94,17.5,0.68773,687.73,P5
8,332.94,15,0.68543,685.43,P5
8,332.94,12.5,0.68306,683.06,P5
8,332.94,10,0.68061,680.61,P5
8,332.94,7.5,0.67817,678.17,P5
8,332.94,5,0.67549,675.49,P5
8,332.94,3,0.67329,673.29,P5
8,332.94,2,0.67219,672.19,P5
8,332.95,50.01,0.71254,712.54,P5
8,332.95,45.01,0.70919,709.19,P5
8,332.95,40.01,0.70579,705.79,P5
8,332.95,37.5,0.70389,703.89,P5
8,332.95,35.01,0.70204,702.04,P5
8,332.95,32.5,0.70019,700.19,P5
8,332.95,30,0.69819,698.19,P5
8,332.95,27.5,0.69619,696.19,P5
8,332.95,25.01,0.69419,694.19,P5
8,332.95,22.5,0.69214,692.14,P5
8,332.95,20.01,0.68999,689.99,P5
8,333.005,22.003,0.69191,691.91,P7
8,333.006,19.006,0.68924,689.24,P7
8,333.007,30.012,0.69861,698.61,P7
8,333.008,28.003,0.69699,696.99,P7
8,333.008,25.006,0.69449,694.49,P7
8,333.008,8.014,0.67882,678.82,P7
8,333.008,3.993,0.67449,674.49,P7
8,333.008,2.005,0.67219,672.19,P7
8,333.009,16.002,0.68647,686.47,P7
8,333.009,13.004,0.6836,683.6,P7
8,333.009,5.998,0.67669,676.69,P7
8,333.01,10.007,0.6808,680.8,P7
8,333.15,10,0.68027,680.27,P12
8,333.15,7.5,0.67793,677.93,P12
8,333.15,5,0.67539,675.39,P12
8,333.15,3,0.67328,673.28,P12
8,333.15,1,0.6709,670.9,P12
8,333.15,0.1,0.66988,669.88,P12
8,338.15,10,0.67631,676.31,P12
8,338.15,7.5,0.67384,673.84,P12
8,338.15,5,0.67127,671.27,P12
8,338.15,3,0.66913,669.13,P12
8,338.15,1,0.66651,666.51,P12
8,338.15,0.1,0.66559,665.59,P12
8,343.15,10,0.67199,671.99,P12
8,343.15,7.5,0.66967,669.67,P12
8,343.15,5,0.66708,667.08,P12
8,343.15,3,0.66472,664.72,P12
8,343.15,1,0.66233,662.33,P12
8,343.15,0.1,0.66122,661.22,P12
8,348,65.3,0.709,709,P6
8,348,55.65,0.7021,702.1,P6
8,348,44.8,0.6938,693.8,P6
8,348,34.91,0.6853,685.3,P6
8,348,24.05,0.6748,674.8,P6
8,348,15.49,0.6664,666.4,P6
8,348,8.73,0.6584,658.4,P6
8,348.15,201.9,0.7743,774.3,P11
8,348.15,180.8,0.767,767,P11
8,348.15,160.7,0.7595,759.5,P11
8,348.15,140.3,0.7513,751.3,P11
8,348.15,140.2,0.7512,751.2,P11
8,348.15,120.4,0.7427,742.7,P11
8,348.15,101,0.7334,733.4,P11
8,348.15,80.1,0.7224,722.4,P11
8,348.15,60.7,0.7106,710.6,P11
8,348.15,40.8,0.6967,696.7,P11
8,348.15,20.4,0.6796,679.6,P11
8,348.15,10,0.66796,667.96,P12
8,348.15,7.5,0.66534,665.34,P12
8,348.15,5,0.6626,662.6,P12
8,348.15,3,0.66022,660.22,P12
8,348.15,1,0.65779,657.79,P12
8,348.15,0.1,0.6567,656.7,P12
8,348.15,0.1,0.6572,657.2,P11
8,352.88,3,0.65655,656.55,P5
8,352.88,2,0.65538,655.38,P5
8,352.89,50.01,0.70017,700.17,P5
8,352.89,45.01,0.69653,696.53,P5
8,352.89,40,0.69273,692.73,P5
8,352.89,37.5,0.69076,690.76,P5
8,352.89,35.01,0.68874,688.74,P5
8,352.89,32.5,0.68674,686.74,P5
8,352.89,30,0.68454,684.54,P5
8,352.89,27.51,0.68236,682.36,P5
8,352.89,25,0.68014,680.14,P5
8,352.89,22.49,0.67779,677.79,P5
8,352.89,20,0.67552,675.52,P5
8,352.89,17.5,0.67294,672.94,P5
8,352.89,15,0.67038,670.38,P5
8,352.89,12.5,0.66774,667.74,P5
8,352.89,10,0.66494,664.94,P5
8,352.89,7.51,0.66209,662.09,P5
8,352.89,5.01,0.65909,659.09,P5
8,353.118,3.999,0.65799,657.99,P7
8,353.119,2.008,0.65538,655.38,P7
8,353.12,30.004,0.68534,685.34,P7
8,353.12,19,0.67499,674.99,P7
8,353.121,8.001,0.66311,663.11,P7
8,353.121,6,0.6605,660.5,P7
8,353.122,28.008,0.68356,683.56,P7
8,353.122,10.006,0.66545,665.45,P7
8,353.123,25.005,0.68081,680.81,P7
8,353.124,22.003,0.67796,677.96,P7
8,353.126,16.004,0.67205,672.05,P7
8,353.127,13.003,0.66883,668.83,P7
8,353.15,10,0.66424,664.24,P12
8,353.15,7.5,0.66155,661.55,P12
8,353.15,5,0.65862,658.62,P12
8,353.15,3,0.6562,656.2,P12
8,353.15,1,0.65362,653.62,P12
8,353.15,0.1,0.65239,652.39,P12
8,358.15,10,0.66025,660.25,P12
8,358.15,7.5,0.65767,657.67,P12
8,358.15,5,0.65471,654.71,P12
8,358.15,3,0.65218,652.18,P12
8,358.15,1,0.64946,649.46,P12
8,358.15,0.1,0.64814,648.14,P12
8,363.15,10,0.65655,656.55,P12
8,363.15,7.5,0.65373,653.73,P12
8,363.15,5,0.65077,650.77,P12
8,363.15,3,0.64812,648.12,P12
8,363.15,1,0.64524,645.24,P12
8,363.15,0.1,0.64379,643.79,P12
8,373,66.48,0.6939,693.9,P6
8,373,55.2,0.6853,685.3,P6
8,373,45.01,0.6764,676.4,P6
8,373,35.24,0.6675,667.5,P6
8,373,23.82,0.656,656,P6
8,373,15.58,0.6468,646.8,P6
8,373,9.04,0.6407,640.7,P6
8,373,8,0.6394,639.4,P6
8,373.15,200.9,0.7642,764.2,P11
8,373.15,180.5,0.7567,756.7,P11
8,373.15,160.3,0.7488,748.8,P11
8,373.15,140.9,0.7406,740.6,P11
8,373.15,120,0.7309,730.9,P11
8,373.15,101.1,0.7213,721.3,P11
8,373.15,80.2,0.7093,709.3,P11
8,373.15,60,0.696,696,P11
8,373.15,39.9,0.6804,680.4,P11
8,373.15,20.6,0.662,662,P11
8,373.15,10,0.64821,648.21,P12
8,373.15,7.5,0.64519,645.19,P12
8,373.15,5,0.64209,642.09,P12
8,373.15,3,0.63934,639.34,P12
8,373.15,1,0.63632,636.32,P12
8,373.15,0.1,0.63479,634.79,P12
8,373.15,0.1,0.6353,635.3,P11
8,398,65.68,0.6777,677.7,P6
8,398,58.45,0.6714,671.4,P6
8,398,55.44,0.6697,669.7,P6
8,398,44.9,0.6591,659.1,P6
8,398,41.85,0.6576,657.6,P6
8,398,34.57,0.6499,649.9,P6
8,398,23.87,0.6372,637.2,P6
8,398,22.5,0.6366,636.6,P6
8,398,13.57,0.6229,622.9,P6
8,398.15,192.3,0.75,750,P11
8,398.15,160.2,0.7372,737.2,P11
8,398.15,159.5,0.7369,736.9,P11
8,398.15,120.9,0.719,719,P11
8,398.15,80.9,0.6958,695.8,P11
8,398.15,79.4,0.6948,694.8,P11
8,398.15,42,0.6659,665.9,P11
8,398.15,21.6,0.6444,644.4,P11
8,398.15,21.6,0.6446,644.6,P11
8,423,66.35,0.6631,663.1,P6
8,423,63.39,0.66,660,P6
8,423,56.4,0.6542,654.2,P6
8,423,46.64,0.6451,645.1,P6
8,423,36.64,0.6342,634.2,P6
8,423,33.24,0.631,631,P6
8,423,23.5,0.6172,617.2,P6
8,423,14.85,0.6027,602.7,P6
8,423.15,192.5,0.7411,741.1,P11
8,423.15,161.3,0.7282,728.2,P11
8,423.15,159.7,0.7275,727.5,P11
8,423.15,121.5,0.7086,708.6,P11
8,423.15,80.7,0.6835,683.5,P11
8,423.15,80.4,0.6833,683.3,P11
8,423.15,41.1,0.6503,650.3,P11
8,423.15,21.4,0.6268,626.8,P11
8,423.15,21.4,0.6269,626.9,P11
8,423.35,275.7,0.768,768,P3
8,423.35,240.6,0.756,756,P3
8,423.35,207.5,0.744,744,P3
8,423.35,172.9,0.73,730,P3
8,423.35,139,0.714,714,P3
8,423.35,111.2,0.699,699,P3
8,423.35,84.2,0.681,681,P3
8,423.35,56.1,0.659,659,P3
8,423.35,28.7,0.628,628,P3
8,448,58.21,0.6427,642.7,P6
8,448,55.41,0.6388,638.8,P6
8,448,51.4,0.6339,633.9,P6
8,448,42.76,0.6248,624.8,P6
8,448,37.76,0.6184,618.4,P6
8,448,34.37,0.6146,614.6,P6
8,448,29.16,0.6082,608.2,P6
8,448,19.41,0.5914,591.4,P6
8,448,11.54,0.5796,579.6,P6
8,448.15,193,0.732,732,P11
8,448.15,160.3,0.7175,717.5,P11
8,448.15,159.4,0.7171,717.1,P11
8,448.15,121.5,0.6974,697.4,P11
8,448.15,81.4,0.6715,671.5,P11
8,448.15,80.5,0.671,671,P11
8,448.15,41.2,0.6351,635.1,P11
8,448.15,21,0.6079,607.9,P11
8,473.15,193.4,0.723,723,P11
8,473.15,161.3,0.7083,708.3,P11
8,473.15,160.7,0.708,708,P11
8,473.15,121.1,0.6867,686.7,P11
8,473.15,81.5,0.6596,659.6,P11
8,473.15,81.1,0.6593,659.3,P11
8,473.15,41.1,0.62,620,P11
8,473.15,20,0.5877,587.7,P11
8,473.15,19.3,0.5864,586.4,P11
8,521.55,276.9,0.73,730,P3
8,521.55,242.7,0.718,718,P3
8,521.55,208.7,0.704,704,P3
8,521.55,174.6,0.689,689,P3
8,521.55,140.5,0.672,672,P3
8,521.55,112,0.655,655,P3
8,521.55,82.9,0.636,636,P3
8,521.55,55.9,0.614,614,P3
8,521.55,28,0.571,571,P3
8,521.55,15.4,0.538,538,P3
9,283.15,65.01,0.76408,764.08,P10
9,283.15,60.03,0.76166,761.66,P10
9,283.15,55.02,0.75919,759.19,P10
9,283.15,50.01,0.75662,756.62,P10
9,283.15,45.05,0.75399,753.99,P10
9,283.15,40.01,0.75123,751.23,P10
9,283.15,35.05,0.74845,748.45,P10
9,283.15,30.04,0.74552,745.52,P10
9,283.15,25.02,0.74254,742.54,P10
9,283.15,20.04,0.73941,739.41,P10
9,283.15,15.02,0.73614,736.14,P10
9,283.15,10.02,0.73275,732.75,P10
9,283.15,5.04,0.72917,729.17,P10
9,283.15,5.02,0.72922,729.22,P10
9,283.15,1.01,0.72622,726.22,P10
9,293.07,27.51,0.73796,737.96,P5
9,293.07,17.5,0.73126,731.26,P5
9,293.07,12.51,0.72775,727.75,P5
9,293.07,10.01,0.72585,725.85,P5
9,293.07,7.51,0.724,724,P5
9,293.07,5,0.72212,722.12,P5
9,293.07,3.01,0.72053,720.53,P5
9,293.07,2,0.71964,719.64,P5
9,293.08,50.01,0.75128,751.28,P5
9,293.08,45.01,0.74848,748.48,P5
9,293.08,40.01,0.74557,745.57,P5
9,293.08,37.51,0.74417,744.17,P5
9,293.08,35.01,0.74267,742.67,P5
9,293.08,32.5,0.74115,741.15,P5
9,293.08,30.01,0.73957,739.57,P5
9,293.08,25,0.73646,736.46,P5
9,293.08,22.51,0.73466,734.66,P5
9,293.08,20,0.73296,732.96,P5
9,293.08,15.01,0.72955,729.55,P5
9,293.15,0.101325,0.7177,717.7,P2
9,293.208,7.996,0.72442,724.42,P7
9,293.208,1.993,0.71936,719.36,P7
9,293.209,29.995,0.73958,739.58,P7
9,293.21,13.001,0.728,728,P7
9,293.21,5.993,0.72288,722.88,P7
9,293.211,3.991,0.72116,721.16,P7
9,293.213,27.997,0.73831,738.31,P7
9,293.213,10.001,0.72592,725.92,P7
9,293.214,22.005,0.73414,734.14,P7
9,293.215,24.997,0.73613,736.13,P7
9,293.215,19.004,0.73211,732.11,P7
9,293.216,16,0.73002,730.02,P7
9,298.05,50.01,0.74826,748.26,P5
9,298.05,45.01,0.74533,745.33,P5
9,298.05,40,0.74246,742.46,P5
9,298.05,37.51,0.74095,740.95,P5
9,298.05,35,0.73945,739.45,P5
9,298.05,32.5,0.73785,737.85,P5
9,298.05,30.01,0.73625,736.25,P5
9,298.05,27.5,0.73464,734.64,P5
9,298.05,25,0.73296,732.96,P5
9,298.05,22.5,0.73134,731.34,P5
9,298.05,20.01,0.72954,729.54,P5
9,298.05,17.5,0.72783,727.83,P5
9,298.05,15,0.72603,726.03,P5
9,298.05,12.5,0.72421,724.21,P5
9,298.05,10,0.72223,722.23,P5
9,298.05,7.51,0.72032,720.32,P5
9,298.05,5,0.71835,718.35,P5
9,298.05,3,0.71672,716.72,P5
9,298.05,2,0.71582,715.82,P5
9,298.15,65.01,0.75548,755.48,P10
9,298.15,60.02,0.75292,752.92,P10
9,298.15,55.04,0.75031,750.31,P10
9,298.15,50.01,0.74756,747.56,P10
9,298.15,45.06,0.74479,744.79,P10
9,298.15,40.01,0.74188,741.88,P10
9,298.15,35.05,0.73887,738.87,P10
9,298.15,30.01,0.73576,735.76,P10
9,298.15,25.04,0.73254,732.54,P10
9,298.15,20.04,0.72917,729.17,P10
9,298.15,15.06,0.7257,725.7,P10
9,298.15,10.03,0.72194,721.94,P10
9,298.15,5.04,0.71812,718.12,P10
9,298.15,5.01,0.71808,718.08,P10
9,298.15,1.02,0.71483,714.83,P10
9,303.02,10.01,0.71857,718.57,P5
9,303.02,5.01,0.71452,714.52,P5
9,303.02,3,0.71282,712.82,P5
9,303.03,50.01,0.74519,745.19,P5
9,303.03,45.01,0.74221,742.21,P5
9,303.03,40,0.73921,739.21,P5
9,303.03,37.5,0.73771,737.71,P5
9,303.03,35.01,0.73618,736.18,P5
9,303.03,32.51,0.73451,734.51,P5
9,303.03,30.01,0.73291,732.91,P5
9,303.03,27.51,0.73121,731.21,P5
9,303.03,25,0.72951,729.51,P5
9,303.03,22.5,0.72781,727.81,P5
9,303.03,20,0.72602,726.02,P5
9,303.03,17.51,0.72424,724.24,P5
9,303.03,15,0.72242,722.42,P5
9,303.03,12.5,0.72052,720.52,P5
9,303.03,7.51,0.71662,716.62,P5
9,303.03,2,0.71202,712.02,P5
9,312.98,50.01,0.73904,739.04,P5
9,312.98,45.01,0.73599,735.99,P5
9,312.98,40,0.73289,732.89,P5
9,312.98,37.5,0.73129,731.29,P5
9,312.98,35.01,0.72968,729.68,P5
9,312.98,32.5,0.72798,727.98,P5
9,312.98,30,0.72628,726.28,P5
9,312.98,27.5,0.72427,724.27,P5
9,312.98,25.01,0.72277,722.77,P5
9,312.98,22.51,0.72097,720.97,P5
9,312.98,20.01,0.71911,719.11,P5
9,312.98,17.51,0.71726,717.26,P5
9,312.98,15.01,0.71526,715.26,P5
9,312.98,12.51,0.71325,713.25,P5
9,312.98,10.01,0.71124,711.24,P5
9,312.98,7.5,0.70911,709.11,P5
9,312.98,5,0.70694,706.94,P5
9,312.98,3.01,0.70521,705.21,P5
9,312.98,2.01,0.70424,704.24,P5
9,313.102,19.007,0.71818,718.18,P7
9,313.104,30.01,0.72621,726.21,P7
9,313.104,28.007,0.72482,724.82,P7
9,313.104,25.009,0.7227,722.7,P7
9,313.104,22.007,0.72052,720.52,P7
9,313.107,6.006,0.70762,707.62,P7
9,313.108,16.007,0.71576,715.76,P7
9,313.108,2,0.70408,704.08,P7
9,313.109,13.003,0.71328,713.28,P7
9,313.109,10.007,0.71092,710.92,P7
9,313.109,8.004,0.70924,709.24,P7
9,313.11,4.007,0.70588,705.88,P7
9,313.15,10,0.71012,710.12,P12
9,313.15,7.5,0.70808,708.08,P12
9,313.15,5,0.70606,706.06,P12
9,313.15,3,0.70432,704.32,P12
9,313.15,1,0.70249,702.49,P12
9,313.15,0.1,0.70166,701.66,P12
9,318.15,10,0.70661,706.61,P12
9,318.15,7.5,0.70471,704.71,P12
9,318.15,5,0.70259,702.59,P12
9,318.15,3,0.70086,700.86,P12
9,318.15,1,0.69895,698.95,P12
9,318.15,0.1,0.69807,698.07,P12
9,323.15,65.01,0.74102,741.02,P10
9,323.15,60.01,0.73819,738.19,P10
9,323.15,55.05,0.73535,735.35,P10
9,323.15,50.03,0.73236,732.36,P10
9,323.15,45.06,0.72927,729.27,P10
9,323.15,40.05,0.72609,726.09,P10
9,323.15,35.08,0.72275,722.75,P10
9,323.15,30.02,0.71922,719.22,P10
9,323.15,25.02,0.71563,715.63,P10
9,323.15,20.05,0.71184,711.84,P10
9,323.15,15.02,0.70781,707.81,P10
9,323.15,10.05,0.70357,703.57,P10
9,323.15,10,0.70279,702.79,P12
9,323.15,7.5,0.70082,700.82,P12
9,323.15,5.06,0.69909,699.09,P10
9,323.15,5.03,0.69904,699.04,P10
9,323.15,5,0.69859,698.59,P12
9,323.15,3,0.69671,696.71,P12
9,323.15,1.03,0.69527,695.27,P10
9,323.15,1,0.69481,694.81,P12
9,323.15,0.1,0.6939,693.9,P12
9,328.15,10,0.69936,699.36,P12
9,328.15,7.5,0.69734,697.34,P12
9,328.15,5,0.69512,695.12,P12
9,328.15,3,0.69324,693.24,P12
9,328.15,1,0.69123,691.23,P12
9,328.15,0.1,0.69024,690.24,P12
9,332.94,50.02,0.72647,726.47,P5
9,332.94,45.01,0.72317,723.17,P5
9,332.94,40,0.71982,719.82,P5
9,332.94,37.5,0.71811,718.11,P5
9,332.94,35.01,0.71641,716.41,P5
9,332.94,32.51,0.71451,714.51,P5
9,332.94,30,0.71268,712.68,P5
9,332.94,27.51,0.71078,710.78,P5
9,332.94,25.01,0.70887,708.87,P5
9,332.94,22.51,0.70686,706.86,P5
9,332.94,20,0.70482,704.82,P5
9,332.94,17.51,0.70268,702.68,P5
9,332.94,15.01,0.70062,700.62,P5
9,332.94,12.52,0.69834,698.34,P5
9,332.94,10.02,0.69604,696.04,P5
9,332.94,7.51,0.69369,693.69,P5
9,332.94,5,0.69124,691.24,P5
9,332.94,3,0.68924,689.24,P5
9,332.94,2.01,0.68819,688.19,P5
9,333.004,3.99,0.6906,690.6,P7
9,333.005,5.995,0.69258,692.58,P7
9,333.005,2.014,0.68853,688.53,P7
9,333.006,22.003,0.7065,706.5,P7
9,333.007,19.006,0.70403,704.03,P7
9,333.008,30.012,0.71274,712.74,P7
9,333.008,8.001,0.69451,694.51,P7
9,333.009,28.003,0.71123,711.23,P7
9,333.009,25.006,0.7089,708.9,P7
9,333.01,16.002,0.70148,701.48,P7
9,333.01,13.004,0.69884,698.84,P7
9,333.011,10.007,0.69611,696.11,P7
9,333.15,10,0.69559,695.59,P12
9,333.15,7.5,0.69322,693.22,P12
9,333.15,5,0.69085,690.85,P12
9,333.15,3,0.6888,688.8,P12
9,333.15,1,0.68684,686.84,P12
9,333.15,0.1,0.68589,685.89,P12
9,338.15,10,0.69185,691.85,P12
9,338.15,7.5,0.68957,689.57,P12
9,338.15,5,0.6871,687.1,P12
9,338.15,3,0.68509,685.09,P12
9,338.15,1,0.68298,682.98,P12
9,338.15,0.1,0.68202,682.02,P12
9,343.15,10,0.68787,687.87,P12
9,343.15,7.5,0.68543,685.43,P12
9,343.15,5,0.68301,683.01,P12
9,343.15,3,0.68097,680.97,P12
9,343.15,1,0.67866,678.66,P12
9,343.15,0.1,0.67754,677.54,P12
9,348.15,65.04,0.72684,726.84,P10
9,348.15,60,0.72379,723.79,P10
9,348.15,55.05,0.72067,720.67,P10
9,348.15,50.04,0.71737,717.37,P10
9,348.15,45.07,0.71401,714.01,P10
9,348.15,40.02,0.7104,710.4,P10
9,348.15,35.05,0.70674,706.74,P10
9,348.15,30.03,0.70284,702.84,P10
9,348.15,25.05,0.69879,698.79,P10
9,348.15,20.04,0.69444,694.44,P10
9,348.15,15.02,0.68984,689.84,P10
9,348.15,10.03,0.685,685,P10
9,348.15,10,0.68412,684.12,P12
9,348.15,7.5,0.68175,681.75,P12
9,348.15,5.04,0.67976,679.76,P10
9,348.15,5.03,0.67976,679.76,P10
9,348.15,5,0.67914,679.14,P12
9,348.15,3,0.67694,676.94,P12
9,348.15,1.01,0.67518,675.18,P10
9,348.15,1,0.67475,674.75,P12
9,348.15,0.1,0.67357,673.57,P12
9,352.87,3,0.67342,673.42,P5
9,352.88,50.01,0.71434,714.34,P5
9,352.88,45.01,0.71085,710.85,P5
9,352.88,40.01,0.70726,707.26,P5
9,352.88,37.51,0.70535,705.35,P5
9,352.88,35,0.7034,703.4,P5
9,352.88,32.5,0.70147,701.47,P5
9,352.88,30,0.69942,699.42,P5
9,352.88,27.5,0.69737,697.37,P5
9,352.88,25,0.69528,695.28,P5
9,352.88,22.5,0.69306,693.06,P5
9,352.88,20.01,0.69081,690.81,P5
9,352.88,17.51,0.68849,688.49,P5
9,352.88,15.02,0.6861,686.1,P5
9,352.88,12.51,0.68367,683.67,P5
9,352.88,10.01,0.68111,681.11,P5
9,352.88,7.51,0.67851,678.51,P5
9,352.88,5.01,0.67572,675.72,P5
9,352.88,2.01,0.67233,672.33,P5
9,353.116,3.995,0.67459,674.59,P7
9,353.117,2.004,0.67227,672.27,P7
9,353.118,8.005,0.6791,679.1,P7
9,353.118,6,0.67683,676.83,P7
9,353.12,30.003,0.69956,699.56,P7
9,353.12,18.999,0.68999,689.99,P7
9,353.121,16.003,0.6873,687.3,P7
9,353.121,10.01,0.68131,681.31,P7
9,353.122,28.007,0.6979,697.9,P7
9,353.122,13.002,0.68437,684.37,P7
9,353.123,25.004,0.69535,695.35,P7
9,353.124,22.002,0.69272,692.72,P7
9,353.15,10,0.68041,680.41,P12
9,353.15,7.5,0.67797,677.97,P12
9,353.15,5,0.67535,675.35,P12
9,353.15,3,0.67319,673.19,P12
9,353.15,1,0.67083,670.83,P12
9,353.15,0.1,0.66966,669.66,P12
9,358.15,10,0.67675,676.75,P12
9,358.15,7.5,0.67431,674.31,P12
9,358.15,5,0.67151,671.51,P12
9,358.15,3,0.6692,669.2,P12
9,358.15,1,0.66678,666.78,P12
9,358.15,0.1,0.66561,665.61,P12
9,363.15,10,0.67292,672.92,P12
9,363.15,7.5,0.67038,670.38,P12
9,363.15,5,0.66758,667.58,P12
9,363.15,3,0.66518,665.18,P12
9,363.15,1,0.66263,662.63,P12
9,363.15,0.1,0.66142,661.42,P12
9,373.15,65.03,0.71295,712.95,P10
9,373.15,60.04,0.70966,709.66,P10
9,373.15,55.06,0.70623,706.23,P10
9,373.15,50.07,0.70265,702.65,P10
9,373.15,45.07,0.69887,698.87,P10
9,373.15,40.02,0.69495,694.95,P10
9,373.15,35.06,0.69083,690.83,P10
9,373.15,30.04,0.68651,686.51,P10
9,373.15,25.06,0.68194,681.94,P10
9,373.15,20.03,0.67704,677.04,P10
9,373.15,15.07,0.67178,671.78,P10
9,373.15,10.03,0.66613,666.13,P10
9,373.15,10,0.66519,665.19,P12
9,373.15,7.5,0.66231,662.31,P12
9,373.15,5.05,0.65999,659.99,P10
9,373.15,5,0.65942,659.42,P12
9,373.15,3,0.65688,656.88,P12
9,373.15,1.01,0.65452,654.52,P10
9,373.15,1,0.65424,654.24,P12
9,373.15,0.1,0.65291,652.91,P12
9,398.15,65.04,0.69937,699.37,P10
9,398.15,60.03,0.69572,695.72,P10
9,398.15,55.04,0.69201,692.01,P10
9,398.15,50.02,0.68807,688.07,P10
9,398.15,45.07,0.68397,683.97,P10
9,398.15,40.02,0.67963,679.63,P10
9,398.15,35.05,0.6751,675.1,P10
9,398.15,30.05,0.67022,670.22,P10
9,398.15,25.03,0.66505,665.05,P10
9,398.15,20.02,0.65949,659.49,P10
9,398.15,15.07,0.65353,653.53,P10
9,398.15,10.05,0.64689,646.89,P10
9,398.15,5.03,0.63958,639.58,P10
9,398.15,5.02,0.63953,639.53,P10
9,398.15,1.02,0.63306,633.06,P10
9,423.15,65.04,0.68595,685.95,P10
9,423.15,60.03,0.68203,682.03,P10
9,423.15,55.02,0.67797,677.97,P10
9,423.15,50.04,0.6737,673.7,P10
9,423.15,45.02,0.66915,669.15,P10
9,423.15,40.02,0.6644,664.4,P10
9,423.15,35.05,0.65935,659.35,P10
9,423.15,30.02,0.65392,653.92,P10
9,423.15,25.04,0.6481,648.1,P10
9,423.15,20.04,0.6418,641.8,P10
9,423.15,15.03,0.63486,634.86,P10
9,423.15,10.03,0.62715,627.15,P10
9,423.15,5.03,0.61842,618.42,P10
9,423.15,5.03,0.61847,618.47,P10
9,423.15,1.02,0.61045,610.45,P10
9,448.15,65.02,0.67285,672.85,P10
9,448.15,60.03,0.66862,668.62,P10
9,448.15,55.04,0.66424,664.24,P10
9,448.15,50.02,0.65958,659.58,P10
9,448.15,45.05,0.65467,654.67,P10
9,448.15,40.01,0.64938,649.38,P10
9,448.15,35.03,0.6438,643.8,P10
9,448.15,30.03,0.63778,637.78,P10
9,448.15,25.04,0.63127,631.27,P10
9,448.15,20.01,0.624,624,P10
9,448.15,15.01,0.61606,616.06,P10
9,448.15,10.04,0.60705,607.05,P10
9,448.15,5.02,0.59641,596.41,P10
9,448.15,5.02,0.59646,596.46,P10
9,448.15,1,0.58637,586.37,P10
9,473.15,65.01,0.65992,659.92,P10
9,473.15,60.01,0.65539,655.39,P10
9,473.15,55.02,0.65062,650.62,P10
9,473.15,50.04,0.6456,645.6,P10
9,473.15,45.05,0.64025,640.25,P10
9,473.15,40.05,0.63451,634.51,P10
9,473.15,35.03,0.6283,628.3,P10
9,473.15,30.02,0.6216,621.6,P10
9,473.15,25.05,0.61428,614.28,P10
9,473.15,20.02,0.60605,606.05,P10
9,473.15,15.04,0.59686,596.86,P10
9,473.15,10.04,0.58615,586.15,P10
9,473.15,5.01,0.57314,573.14,P10
10,278.15,60,0.7753,775.3,P1
10,278.15,50,0.7704,770.4,P1
10,278.15,40,0.7654,765.4,P1
10,278.15,30,0.7601,760.1,P1
10,278.15,20,0.7544,754.4,P1
10,278.15,10,0.7483,748.3,P1
10,278.15,5,0.745,745,P1
10,278.15,1,0.7422,742.2,P1
10,278.15,0.1,0.7416,741.6,P1
10,292.99,40.01,0.75691,756.91,P5
10,292.99,37.5,0.75549,755.49,P5
10,292.99,30.01,0.75117,751.17,P5
10,292.99,27.51,0.74959,749.59,P5
10,292.99,25,0.74798,747.98,P5
10,292.99,22.5,0.74642,746.42,P5
10,292.99,20.01,0.74483,744.83,P5
10,292.99,12.51,0.73978,739.78,P5
10,292.99,10.01,0.738,738,P5
10,292.99,7.51,0.73617,736.17,P5
10,292.99,5.01,0.73437,734.37,P5
10,292.99,3,0.73287,732.87,P5
10,292.99,2,0.73207,732.07,P5
10,293,50.01,0.76235,762.35,P5
10,293,45.01,0.7597,759.7,P5
10,293,35,0.75409,754.09,P5
10,293,32.51,0.75259,752.59,P5
10,293,17.5,0.74318,743.18,P5
10,293,15.01,0.7415,741.5,P5
10,293.15,0.101325,0.7301,730.1,P2
10,298.05,40.01,0.75366,753.66,P5
10,298.05,20.01,0.7413,741.3,P5
10,298.05,17.5,0.7396,739.6,P5
10,298.05,15.01,0.73787,737.87,P5
10,298.05,12.51,0.73611,736.11,P5
10,298.05,10.01,0.7343,734.3,P5
10,298.05,7.5,0.73244,732.44,P5
10,298.05,5.01,0.73054,730.54,P5
10,298.05,3.01,0.72899,728.99,P5
10,298.05,2.01,0.72819,728.19,P5
10,298.06,50.01,0.75921,759.21,P5
10,298.06,45,0.75648,756.48,P5
10,298.06,37.5,0.75221,752.21,P5
10,298.06,35,0.75074,750.74,P5
10,298.06,32.51,0.74924,749.24,P5
10,298.06,30,0.74771,747.71,P5
10,298.06,27.51,0.74615,746.15,P5
10,298.06,25,0.74456,744.56,P5
10,298.06,22.5,0.74294,742.94,P5
10,298.15,190.9,0.8133,813.3,P11
10,298.15,150.5,0.8006,800.6,P11
10,298.15,150.4,0.801,801,P11
10,298.15,102.8,0.7828,782.8,P11
10,298.15,60,0.7637,763.7,P1
10,298.15,50.3,0.7592,759.2,P11
10,298.15,50.1,0.7585,758.5,P11
10,298.15,50,0.7584,758.4,P1
10,298.15,40,0.753,753,P1
10,298.15,30,0.7472,747.2,P1
10,298.15,20,0.7409,740.9,P1
10,298.15,10,0.7342,734.2,P1
10,298.15,5,0.7305,730.5,P1
10,298.15,1,0.7274,727.4,P1
10,298.15,0.1,0.7266,726.6,P11
10,298.15,0.1,0.7267,726.7,P1
10,298.15,0.1,0.7268,726.8,P11
10,303.03,50.01,0.75633,756.33,P5
10,303.03,45.01,0.75352,753.52,P5
10,303.03,40,0.75064,750.64,P5
10,303.03,37.5,0.74917,749.17,P5
10,303.03,35,0.74767,747.67,P5
10,303.03,32.5,0.74613,746.13,P5
10,303.03,30.01,0.74457,744.57,P5
10,303.03,27.51,0.74297,742.97,P5
10,303.03,25,0.74137,741.37,P5
10,303.03,22.5,0.73968,739.68,P5
10,303.03,20.01,0.73798,737.98,P5
10,303.03,17.51,0.73633,736.33,P5
10,303.03,15.01,0.73448,734.48,P5
10,303.03,12.51,0.73268,732.68,P5
10,303.03,10.01,0.73083,730.83,P5
10,303.03,7.51,0.72892,728.92,P5
10,303.03,5.01,0.72698,726.98,P5
10,303.03,3.01,0.72538,725.38,P5
10,303.03,2.01,0.72458,724.58,P5
10,303.15,27.989,0.74302,743.02,P7
10,303.15,18.998,0.73688,736.88,P7
10,303.151,25.008,0.74103,741.03,P7
10,303.151,21.997,0.739,739,P7
10,303.151,13.006,0.7325,732.5,P7
10,303.151,3.991,0.72558,725.58,P7
10,303.152,29.988,0.7443,744.3,P7
10,303.152,16.005,0.73469,734.69,P7
10,303.152,6.003,0.72719,727.19,P7
10,303.152,2.001,0.72401,724.01,P7
10,303.154,8.001,0.72875,728.75,P7
10,303.155,9.992,0.73027,730.27,P7
10,312.98,37.5,0.74275,742.75,P5
10,312.99,50.01,0.74962,749.62,P5
10,312.99,45.01,0.74731,747.31,P5
10,312.99,40.01,0.74426,744.26,P5
10,312.99,35.01,0.74115,741.15,P5
10,312.99,32.5,0.73955,739.55,P5
10,312.99,30.02,0.73795,737.95,P5
10,312.99,27.52,0.73627,736.27,P5
10,312.99,25.01,0.73457,734.57,P5
10,312.99,22.5,0.73285,732.85,P5
10,312.99,20,0.73105,731.05,P5
10,312.99,17.5,0.72926,729.26,P5
10,312.99,15,0.72738,727.38,P5
10,312.99,12.51,0.72547,725.47,P5
10,312.99,10.01,0.72355,723.55,P5
10,312.99,7.51,0.72153,721.53,P5
10,312.99,5.01,0.71945,719.45,P5
10,312.99,3.01,0.71775,717.75,P5
10,312.99,2,0.71689,716.89,P5
10,313.15,10,0.72233,722.33,P12
10,313.15,7.5,0.72035,720.35,P12
10,313.15,5,0.71851,718.51,P12
10,313.15,3,0.7169,716.9,P12
10,313.15,1,0.71517,715.17,P12
10,313.15,0.1,0.7144,714.4,P12
10,323.149,5.997,0.71257,712.57,P7
10,323.15,191.7,0.803,803,P11
10,323.15,150.9,0.7895,789.5,P11
10,323.15,150.8,0.7891,789.1,P11
10,323.15,100.7,0.7692,769.2,P11
10,323.15,60,0.7492,749.2,P1
10,323.15,52.4,0.7457,745.7,P11
10,323.15,52,0.7446,744.6,P11
10,323.15,50,0.7435,743.5,P1
10,323.15,40,0.7375,737.5,P1
10,323.15,30,0.7311,731.1,P1
10,323.15,20,0.724,724,P1
10,323.15,10,0.71525,715.25,P12
10,323.15,10,0.7162,716.2,P1
10,323.15,7.5,0.71334,713.34,P12
10,323.15,5,0.71126,711.26,P12
10,323.15,5,0.7119,711.9,P1
10,323.15,4.003,0.71068,710.68,P7
10,323.15,3,0.70954,709.54,P12
10,323.15,1,0.70775,707.75,P12
10,323.15,1,0.7084,708.4,P1
10,323.15,0.1,0.70687,706.87,P12
10,323.15,0.1,0.7074,707.4,P1
10,323.151,10.006,0.71596,715.96,P7
10,323.152,25.006,0.7275,727.5,P7
10,323.152,18.994,0.723,723,P7
10,323.152,1.995,0.70876,708.76,P7
10,323.153,30.005,0.73103,731.03,P7
10,323.153,15.989,0.72073,720.73,P7
10,323.153,8.005,0.7143,714.3,P7
10,323.154,28.004,0.72962,729.62,P7
10,323.154,21.997,0.72528,725.28,P7
10,323.154,12.995,0.71836,718.36,P7
10,324.45,274.5,0.82,820,P3
10,324.45,241.2,0.811,811,P3
10,324.45,207,0.801,801,P3
10,324.45,173.2,0.79,790,P3
10,324.45,144.2,0.78,780,P3
10,324.45,111.4,0.767,767,P3
10,324.45,82.7,0.754,754,P3
10,324.45,56.6,0.741,741,P3
10,324.45,29.3,0.724,724,P3
10,324.45,14.6,0.714,714,P3
10,328.15,10,0.71247,712.47,P12
10,328.15,7.5,0.7104,710.4,P12
10,328.15,5,0.70838,708.38,P12
10,328.15,3,0.70657,706.57,P12
10,328.15,1,0.70465,704.65,P12
10,328.15,0.1,0.7037,703.7,P12
10,332.93,50.02,0.73753,737.53,P5
10,332.93,45.01,0.73444,734.44,P5
10,332.93,40.01,0.73124,731.24,P5
10,332.93,10.01,0.70846,708.46,P5
10,332.93,7.5,0.70626,706.26,P5
10,332.93,5.01,0.70396,703.96,P5
10,332.93,3.01,0.70201,702.01,P5
10,332.94,37.5,0.72954,729.54,P5
10,332.94,35,0.72784,727.84,P5
10,332.94,32.51,0.72612,726.12,P5
10,332.94,30,0.72434,724.34,P5
10,332.94,27.51,0.72258,722.58,P5
10,332.94,25,0.72067,720.67,P5
10,332.94,22.5,0.7188,718.8,P5
10,332.94,20,0.71682,716.82,P5
10,332.94,17.51,0.71484,714.84,P5
10,332.94,15.01,0.71279,712.79,P5
10,332.94,12.52,0.71065,710.65,P5
10,332.94,2,0.70106,701.06,P5
10,333.15,10,0.70831,708.31,P12
10,333.15,7.5,0.7063,706.3,P12
10,333.15,5,0.70414,704.14,P12
10,333.15,3,0.70224,702.24,P12
10,333.15,1,0.7002,700.2,P12
10,333.15,0.1,0.69924,699.24,P12
10,338.15,10,0.70501,705.01,P12
10,338.15,7.5,0.70262,702.62,P12
10,338.15,5,0.70033,700.33,P12
10,338.15,3,0.69852,698.52,P12
10,338.15,1,0.69652,696.52,P12
10,338.15,0.1,0.69559,695.59,P12
10,343.15,10,0.70081,700.81,P12
10,343.15,7.5,0.69871,698.71,P12
10,343.15,5,0.69643,696.43,P12
10,343.15,3,0.69438,694.38,P12
10,343.15,1,0.6924,692.4,P12
10,343.15,0.1,0.69148,691.48,P12
10,348.15,190.8,0.7922,792.2,P11
10,348.15,150.9,0.7779,777.9,P11
10,348.15,149.7,0.7778,777.8,P11
10,348.15,101.5,0.757,757,P11
10,348.15,60,0.7346,734.6,P1
10,348.15,51.1,0.7301,730.1,P11
10,348.15,51,0.7292,729.2,P11
10,348.15,50,0.7284,728.4,P1
10,348.15,40,0.7218,721.8,P1
10,348.15,30,0.7146,714.6,P1
10,348.15,20,0.7067,706.7,P1
10,348.15,10,0.69724,697.24,P12
10,348.15,10,0.6977,697.7,P1
10,348.15,7.5,0.69506,695.06,P12
10,348.15,5,0.69277,692.77,P12
10,348.15,5,0.6928,692.8,P1
10,348.15,3,0.69076,690.76,P12
10,348.15,1,0.6886,688.6,P1
10,348.15,1,0.68861,688.61,P12
10,348.15,0.1,0.68751,687.51,P12
10,348.15,0.1,0.6876,687.6,P1
10,348.15,0.1,0.6877,687.7,P11
10,348.15,0.1,0.6879,687.9,P11
10,352.87,50.02,0.7259,725.9,P5
10,352.87,45.02,0.72251,722.51,P5
10,352.87,40,0.71899,718.99,P5
10,352.87,37.51,0.71721,717.21,P5
10,352.87,35.01,0.71537,715.37,P5
10,352.87,32.51,0.71347,713.47,P5
10,352.87,30,0.71157,711.57,P5
10,352.87,27.5,0.70962,709.62,P5
10,352.87,25,0.70751,707.51,P5
10,352.87,22.51,0.70547,705.47,P5
10,352.87,20.01,0.70331,703.31,P5
10,352.87,17.51,0.70112,701.12,P5
10,352.87,15.01,0.69884,698.84,P5
10,352.87,12.51,0.69648,696.48,P5
10,352.87,7.5,0.69155,691.55,P5
10,352.88,10.01,0.69413,694.13,P5
10,352.88,5.01,0.68898,688.98,P5
10,352.88,3,0.68682,686.82,P5
10,352.88,2.01,0.68572,685.72,P5
10,353.15,10,0.69366,693.66,P12
10,353.15,7.5,0.69144,691.44,P12
10,353.15,5,0.68892,688.92,P12
10,353.15,3,0.68677,686.77,P12
10,353.15,1,0.68456,684.56,P12
10,353.15,0.1,0.68354,683.54,P12
10,353.155,22.01,0.70495,704.95,P7
10,353.155,7.997,0.69197,691.97,P7
10,353.155,5.998,0.68996,689.96,P7
10,353.156,27.992,0.71001,710.01,P7
10,353.156,25,0.70744,707.44,P7
10,353.156,19.005,0.70243,702.43,P7
10,353.156,9.991,0.69406,694.06,P7
10,353.156,2,0.68565,685.65,P7
10,353.157,29.995,0.71167,711.67,P7
10,353.157,13.003,0.69701,697.01,P7
10,353.157,3.999,0.6879,687.9,P7
10,353.158,15.994,0.69986,699.86,P7
10,358.15,10,0.68987,689.87,P12
10,358.15,7.5,0.68759,687.59,P12
10,358.15,5,0.68503,685.03,P12
10,358.15,3,0.68289,682.89,P12
10,358.15,1,0.68059,680.59,P12
10,358.15,0.1,0.67943,679.43,P12
10,363.15,10,0.6863,686.3,P12
10,363.15,7.5,0.68394,683.94,P12
10,363.15,5,0.68135,681.35,P12
10,363.15,3,0.67907,679.07,P12
10,363.15,1,0.67669,676.69,P12
10,363.15,0.1,0.67559,675.59,P12
10,368.15,10,0.68251,682.51,P12
10,368.15,7.5,0.68009,680.09,P12
10,368.15,5,0.67746,677.46,P12
10,368.15,3,0.67519,675.19,P12
10,368.15,1,0.67272,672.72,P12
10,368.15,0.1,0.67148,671.48,P12
10,373.15,190.4,0.7822,782.2,P11
10,373.15,150.6,0.7668,766.8,P11
10,373.15,149.1,0.7667,766.7,P11
10,373.15,101.7,0.7447,744.7,P11
10,373.15,60,0.7208,720.8,P1
10,373.15,51.5,0.7157,715.7,P11
10,373.15,51.1,0.7147,714.7,P11
10,373.15,50,0.7141,714.1,P1
10,373.15,40,0.7068,706.8,P1
10,373.15,30,0.6988,698.8,P1
10,373.15,20,0.6898,689.8,P1
10,373.15,10,0.67876,678.76,P12
10,373.15,10,0.6796,679.6,P1
10,373.15,7.5,0.67609,676.09,P12
10,373.15,5,0.67339,673.39,P12
10,373.15,5,0.6738,673.8,P1
10,373.15,3,0.67108,671.08,P12
10,373.15,1,0.66862,668.62,P12
10,373.15,1,0.6688,668.8,P1
10,373.15,0.1,0.6671,667.1,P1
10,373.15,0.1,0.6675,667.5,P11
10,373.15,0.1,0.6676,667.6,P11
10,373.15,0.1,0.66738,667.38,P12
10,422.85,204.8,0.767,767,P3
10,422.85,174.9,0.756,756,P3
10,422.85,141.9,0.741,741,P3
10,422.85,113.5,0.727,727,P3
10,422.85,83.1,0.71,710,P3
10,422.85,56.8,0.692,692,P3
10,422.85,28,0.667,667,P3
10,422.85,15,0.648,648,P3
10,423.15,60,0.6938,693.8,P1
10,423.15,50,0.6859,685.9,P1
10,423.15,40,0.677,677,P1
10,423.15,30,0.6671,667.1,P1
10,423.15,20,0.6558,655.8,P1
10,423.15,10,0.6424,642.4,P1
10,423.15,5,0.6345,634.5,P1
10,423.15,1,0.6272,627.2,P1
10,423.15,0.1,0.6248,624.8,P1
10,463.15,60,0.6721,672.1,P1
10,463.15,50,0.6633,663.3,P1
10,463.15,40,0.6531,653.1,P1
10,463.15,30,0.6414,641.4,P1
10,463.15,20,0.6278,627.8,P1
10,463.15,10,0.6108,610.8,P1
10,463.15,5,0.6003,600.3,P1
10,463.15,1,0.5904,590.4,P1
10,520.15,278.8,0.762,762,P3
10,520.15,245.4,0.749,749,P3
10,520.15,209.5,0.734,734,P3
10,520.15,174.5,0.719,719,P3
10,520.15,140.5,0.701,701,P3
10,520.15,112.8,0.685,685,P3
10,520.15,85.7,0.666,666,P3
10,520.15,55.5,0.639,639,P3
10,520.15,28.4,0.605,605,P3
10,520.15,15.3,0.58,580,P3
11,293.15,0.101325,0.7402,740.2,P2
11,293.15,0.101325,0.74024,740.24,P20
11,298.15,0.101325,0.73652,736.52,P20
11,303.15,0.101325,0.73284,732.84,P20
12,278.15,60,0.7917,791.7,P1
12,278.15,50,0.7871,787.1,P1
12,278.15,40,0.7823,782.3,P1
12,278.15,30,0.7773,777.3,P1
12,278.15,20,0.7719,771.9,P1
12,278.15,10,0.7662,766.2,P1
12,278.15,5,0.7631,763.1,P1
12,278.15,1,0.7605,760.5,P1
12,278.15,0.1,0.7592,759.2,P1
12,293.15,0.101325,0.7486,748.6,P2
12,293.211,7.982,0.75506,755.06,P7
12,293.211,2.007,0.75058,750.58,P7
12,293.212,29.985,0.7685,768.5,P7
12,293.213,12.987,0.75827,758.27,P7
12,293.213,5.979,0.75371,753.71,P7
12,293.214,3.977,0.75218,752.18,P7
12,293.216,27.987,0.76737,767.37,P7
12,293.217,24.987,0.7655,765.5,P7
12,293.217,21.995,0.76363,763.63,P7
12,293.217,18.994,0.76182,761.82,P7
12,293.217,15.986,0.76007,760.07,P7
12,293.217,9.987,0.75638,756.38,P7
12,298.15,60,0.7802,780.2,P1
12,298.15,50,0.7753,775.3,P1
12,298.15,40,0.7701,770.1,P1
12,298.15,30,0.7647,764.7,P1
12,298.15,20,0.7587,758.7,P1
12,298.15,10,0.7524,752.4,P1
12,298.15,5,0.749,749,P1
12,298.15,1,0.7462,746.2,P1
12,298.15,0.1,0.7456,745.6,P1
12,313.101,19.017,0.74861,748.61,P7
12,313.101,6.016,0.73914,739.14,P7
12,313.102,1.99,0.73616,736.16,P7
12,313.103,30.02,0.75575,755.75,P7
12,313.103,28.017,0.75452,754.52,P7
12,313.103,25.019,0.75263,752.63,P7
12,313.103,22.017,0.75069,750.69,P7
12,313.103,13.007,0.74426,744.26,P7
12,313.103,10.011,0.74211,742.11,P7
12,313.103,8.014,0.74064,740.64,P7
12,313.104,16.011,0.74636,746.36,P7
12,313.104,4.017,0.73772,737.72,P7
12,323.15,60,0.7663,766.3,P1
12,323.15,50,0.7609,760.9,P1
12,323.15,40,0.7552,755.2,P1
12,323.15,30,0.7492,749.2,P1
12,323.15,20,0.7426,742.6,P1
12,323.15,10,0.7353,735.3,P1
12,323.15,5,0.7314,731.4,P1
12,323.15,1,0.7282,728.2,P1
12,323.15,0.1,0.7272,727.2,P1
12,333.005,3.976,0.72361,723.61,P7
12,333.006,5.981,0.72532,725.32,P7
12,333.006,2.024,0.72182,721.82,P7
12,333.007,22.015,0.73746,737.46,P7
12,333.008,19.018,0.73529,735.29,P7
12,333.009,30.024,0.74299,742.99,P7
12,333.009,7.987,0.72699,726.99,P7
12,333.01,28.015,0.74165,741.65,P7
12,333.01,25.018,0.73958,739.58,P7
12,333.01,13.016,0.73073,730.73,P7
12,333.011,16.014,0.73304,733.04,P7
12,333.011,10.019,0.72835,728.35,P7
12,348.15,60,0.7523,752.3,P1
12,348.15,50,0.7464,746.4,P1
12,348.15,40,0.7402,740.2,P1
12,348.15,30,0.7335,733.5,P1
12,348.15,20,0.7261,726.1,P1
12,348.15,10,0.7178,717.8,P1
12,348.15,5,0.7134,713.4,P1
12,348.15,1,0.7096,709.6,P1
12,348.15,0.1,0.7087,708.7,P1
12,353.117,3.991,0.70883,708.83,P7
12,353.117,2,0.70686,706.86,P7
12,353.118,8.009,0.71281,712.81,P7
12,353.118,5.996,0.71075,710.75,P7
12,353.122,30.007,0.73059,730.59,P7
12,353.122,19.003,0.72216,722.16,P7
12,353.123,16.007,0.71983,719.83,P7
12,353.123,10.014,0.71463,714.63,P7
12,353.124,28.011,0.72913,729.13,P7
12,353.124,25.008,0.72687,726.87,P7
12,353.124,22.006,0.72455,724.55,P7
12,353.124,13.006,0.71728,717.28,P7
12,373.15,60,0.7389,738.9,P1
12,373.15,50,0.7325,732.5,P1
12,373.15,40,0.7256,725.6,P1
12,373.15,30,0.7181,718.1,P1
12,373.15,20,0.7098,709.8,P1
12,373.15,10,0.7004,700.4,P1
12,373.15,5,0.6952,695.2,P1
12,373.15,1,0.6908,690.8,P1
12,423.15,60,0.7128,712.8,P1
12,423.15,50,0.7053,705.3,P1
12,423.15,40,0.697,697,P1
12,423.15,30,0.688,688,P1
12,423.15,20,0.6776,677.6,P1
12,423.15,10,0.6656,665.6,P1
12,423.15,5,0.6587,658.7,P1
12,423.15,1,0.6526,652.6,P1
12,463.15,60,0.6926,692.6,P1
12,463.15,50,0.6841,684.1,P1
12,463.15,40,0.6748,674.8,P1
12,463.15,30,0.6642,664.2,P1
12,463.15,20,0.6518,651.8,P1
12,463.15,10,0.6369,636.9,P1
12,463.15,5,0.6279,627.9,P1
13,293.15,0.101325,0.75622,756.22,P20
13,298.15,0.101325,0.7527,752.7,P20
13,303.15,0.101325,0.74907,749.07,P20
14,293.15,0.101325,0.7626,762.6,P2
14,293.15,0.101325,0.76275,762.75,P20
14,298.15,0.101325,0.75917,759.17,P20
14,303.15,0.101325,0.75566,755.66,P20
15,293.15,0.101325,0.7683,768.3,P20
15,298.15,0.101325,0.76488,764.88,P20
15,303.15,0.101325,0.7614,761.4,P20
16,293.15,0.101325,0.7735,773.5,P2
16,298.15,30,0.7881,788.1,P1
16,298.15,20,0.7826,782.6,P1
16,298.15,10,0.7769,776.9,P1
16,298.15,5,0.7736,773.6,P1
16,298.15,1,0.7711,771.1,P1
16,298.15,0.1,0.7705,770.5,P1
16,313.15,10,0.76294,762.94,P12
16,313.15,7.5,0.7614,761.4,P12
16,313.15,5,0.75981,759.81,P12
16,313.15,3,0.75848,758.48,P12
16,313.15,1,0.7571,757.1,P12
16,313.15,0.1,0.75651,756.51,P12
16,323.15,60,0.7887,788.7,P1
16,323.15,50,0.7838,783.8,P1
16,323.15,40,0.7785,778.5,P1
16,323.15,30,0.7729,772.9,P1
16,323.15,20,0.7669,766.9,P1
16,323.15,10,0.75964,759.64,P12
16,323.15,10,0.7604,760.4,P1
16,323.15,7.5,0.75804,758.04,P12
16,323.15,5,0.75641,756.41,P12
16,323.15,5,0.7568,756.8,P1
16,323.15,3,0.75503,755.03,P12
16,323.15,1,0.75361,753.61,P12
16,323.15,1,0.7539,753.9,P1
16,323.15,0.1,0.75299,752.99,P12
16,323.15,0.1,0.7531,753.1,P1
16,323.65,109.7,0.807,807,P4
16,323.65,81.3,0.799,799,P4
16,323.65,69.4,0.792,792,P4
16,323.65,55.5,0.787,787,P4
16,323.65,41.5,0.779,779,P4
16,323.65,27.9,0.769,769,P4
16,323.65,14.9,0.758,758,P4
16,328.15,10,0.75601,756.01,P12
16,328.15,7.5,0.75439,754.39,P12
16,328.15,5,0.75265,752.65,P12
16,328.15,3,0.75122,751.22,P12
16,328.15,1,0.74974,749.74,P12
16,328.15,0.1,0.74911,749.11,P12
16,333.15,10,0.75312,753.12,P12
16,333.15,7.5,0.75139,751.39,P12
16,333.15,5,0.74951,749.51,P12
16,333.15,3,0.74808,748.08,P12
16,333.15,1,0.74653,746.53,P12
16,333.15,0.1,0.74592,745.92,P12
16,338.15,10,0.74966,749.66,P12
16,338.15,7.5,0.74795,747.95,P12
16,338.15,5,0.74628,746.28,P12
16,338.15,3,0.74481,744.81,P12
16,338.15,1,0.7432,743.2,P12
16,338.15,0.1,0.7424,742.4,P12
16,343.15,10,0.74653,746.53,P12
16,343.15,7.5,0.74478,744.78,P12
16,343.15,5,0.74287,742.87,P12
16,343.15,3,0.74123,741.23,P12
16,343.15,1,0.73965,739.65,P12
16,343.15,0.1,0.73894,738.94,P12
16,348.15,60,0.7751,775.1,P1
16,348.15,50,0.7697,769.7,P1
16,348.15,40,0.7639,763.9,P1
16,348.15,30,0.7578,757.8,P1
16,348.15,20,0.7511,751.1,P1
16,348.15,10,0.74323,743.23,P12
16,348.15,10,0.7438,743.8,P1
16,348.15,7.5,0.74143,741.43,P12
16,348.15,5,0.73948,739.48,P12
16,348.15,5,0.7398,739.8,P1
16,348.15,3,0.73779,737.79,P12
16,348.15,1,0.73616,736.16,P12
16,348.15,1,0.7365,736.5,P1
16,348.15,0.1,0.73542,735.42,P12
16,348.15,0.1,0.7356,735.6,P1
16,353.15,10,0.73979,739.79,P12
16,353.15,7.5,0.73787,737.87,P12
16,353.15,5,0.73591,735.91,P12
16,353.15,3,0.73426,734.26,P12
16,353.15,1,0.73256,732.56,P12
16,353.15,0.1,0.73168,731.68,P12
16,358.15,10,0.73664,736.64,P12
16,358.15,7.5,0.73473,734.73,P12
16,358.15,5,0.73267,732.67,P12
16,358.15,3,0.73102,731.02,P12
16,358.15,1,0.72924,729.24,P12
16,358.15,0.1,0.72842,728.42,P12
16,363.15,10,0.73351,733.51,P12
16,363.15,7.5,0.73156,731.56,P12
16,363.15,5,0.72954,729.54,P12
16,363.15,3,0.72774,727.74,P12
16,363.15,1,0.7259,725.9,P12
16,363.15,0.1,0.72494,724.94,P12
16,368.15,10,0.73022,730.22,P12
16,368.15,7.5,0.72821,728.21,P12
16,368.15,5,0.72614,726.14,P12
16,368.15,3,0.7243,724.3,P12
16,368.15,1,0.72241,722.41,P12
16,368.15,0.1,0.72143,721.43,P12
16,373.15,60,0.7624,762.4,P1
16,373.15,50,0.7565,756.5,P1
16,373.15,40,0.7503,750.3,P1
16,373.15,30,0.7434,743.4,P1
16,373.15,20,0.7359,735.9,P1
16,373.15,10,0.72669,726.69,P12
16,373.15,10,0.7277,727.7,P1
16,373.15,7.5,0.72455,724.55,P12
16,373.15,5,0.72246,722.46,P12
16,373.15,5,0.7232,723.2,P1
16,373.15,3,0.72063,720.63,P12
16,373.15,1,0.71873,718.73,P12
16,373.15,1,0.7194,719.4,P1
16,373.15,0.1,0.7178,717.8,P1
16,373.15,0.1,0.71783,717.83,P12
16,422.85,262.3,0.823,823,P4
16,422.85,236.5,0.815,815,P4
16,422.85,204.3,0.804,804,P4
16,422.85,170.7,0.792,792,P4
16,422.85,136.9,0.778,778,P4
16,422.85,108.8,0.765,765,P4
16,422.85,82.8,0.75,750,P4
16,422.85,69.8,0.743,743,P4
16,422.85,55.5,0.734,734,P4
16,422.85,41.2,0.724,724,P4
16,422.85,27.9,0.713,713,P4
16,422.85,14.1,0.7,700,P4
16,423.15,60,0.7372,737.2,P1
16,423.15,50,0.7304,730.4,P1
16,423.15,40,0.7229,722.9,P1
16,423.15,30,0.7147,714.7,P1
16,423.15,20,0.7055,705.5,P1
16,423.15,10,0.6951,695.1,P1
16,423.15,5,0.6892,689.2,P1
16,423.15,1,0.6841,684.1,P1
16,423.15,0.1,0.6808,680.8,P1
16,463.15,60,0.7175,717.5,P1
16,463.15,50,0.7098,709.8,P1
16,463.15,40,0.7014,701.4,P1
16,463.15,30,0.692,692,P1
16,463.15,20,0.6812,681.2,P1
16,463.15,10,0.6685,668.5,P1
16,463.15,5,0.661,661,P1
16,463.15,1,0.6545,654.5,P1
16,463.15,0.1,0.6516,651.6,P1
16,522.55,255,0.788,788,P4
16,522.55,235.8,0.782,782,P4
16,522.55,203.3,0.769,769,P4
16,522.55,170.1,0.755,755,P4
16,522.55,135.8,0.738,738,P4
16,522.55,107.9,0.723,723,P4
16,522.55,82.1,0.707,707,P4
16,522.55,69.1,0.698,698,P4
16,522.55,55.4,0.687,687,P4
16,522.55,42,0.675,675,P4
16,522.55,27.1,0.66,660,P4
16,522.55,15.1,0.643,643,P4
18,293.15,0.101325,0.7839,783.9,P2
18,324.25,68.9,0.8,800,P4
18,324.25,55.6,0.797,797,P4
18,324.25,42.2,0.788,788,P4
18,324.25,28.3,0.778,778,P4
18,324.25,14.4,0.769,769,P4
18,324.25,7,0.764,764,P4
18,422.75,255.9,0.829,829,P4
18,422.75,235.5,0.823,823,P4
18,422.75,206.1,0.813,813,P4
18,422.75,171.7,0.801,801,P4
18,422.75,138.5,0.787,787,P4
18,422.75,110,0.774,774,P4
18,422.75,84.5,0.761,761,P4
18,422.75,73.2,0.752,752,P4
18,422.75,56.1,0.741,741,P4
18,422.75,42.5,0.732,732,P4
18,422.75,29.4,0.724,724,P4
18,422.75,15.1,0.711,711,P4
18,422.75,7.7,0.702,702,P4
18,522.55,257,0.79,790,P4
18,522.55,235.7,0.782,782,P4
18,522.55,205.3,0.771,771,P4
18,522.55,170.4,0.757,757,P4
18,522.55,137.8,0.742,742,P4
18,522.55,110,0.727,727,P4
18,522.55,84.4,0.712,712,P4
18,522.55,70.8,0.703,703,P4
18,522.55,56.4,0.692,692,P4
18,522.55,43.2,0.681,681,P4
18,522.55,29.4,0.668,668,P4
18,522.55,15.3,0.651,651,P4
20,293.15,0.101325,0.79,790,P2
20,323.55,34.2,0.789,789,P4
20,323.55,27.4,0.787,787,P4
20,323.55,21.4,0.784,784,P4
20,323.55,14.9,0.777,777,P4
20,323.55,7.3,0.771,771,P4
20,422.75,260,0.837,837,P4
20,422.75,235.5,0.829,829,P4
20,422.75,203.1,0.818,818,P4
20,422.75,169.5,0.806,806,P4
20,422.75,136.1,0.792,792,P4
20,422.75,109.2,0.781,781,P4
20,422.75,81.6,0.765,765,P4
20,422.75,54.2,0.748,748,P4
20,422.75,34.6,0.735,735,P4
20,422.75,27.9,0.73,730,P4
20,422.75,20.6,0.723,723,P4
20,422.75,14.3,0.719,719,P4
20,422.75,7.4,0.711,711,P4
20,521.25,258,0.81,810,P4
20,521.25,239.8,0.805,805,P4
20,521.25,204.7,0.791,791,P4
20,521.25,173.1,0.777,777,P4
20,521.25,138.2,0.763,763,P4
20,521.25,109.2,0.744,744,P4
20,521.25,82.5,0.727,727,P4
20,521.25,69.6,0.719,719,P4
20,521.25,55.5,0.706,706,P4
20,521.25,41.9,0.691,691,P4
20,521.25,28.3,0.676,676,P4
20,521.25,16.4,0.661,661,P4
24,293.15,0.101325,0.7991,799.1,P2
28,293.15,0.101325,0.8067,806.7,P2
32,293.15,0.101325,0.8124,812.4,P2
36,293.15,0.101325,0.8171,817.1,P2
40,293.15,0.101325,0.8215,821.5,P2
44,293.15,0.101325,0.8262,826.2,P2
